State,Year,Number_of_Farms,population,area,Farms_per_Capita,Farms_per_Square_Mile
ALABAMA,1989,"47,000",,"50,750",-1,0.926108374
ALABAMA,1990,"47,000",4050055,"50,750",0.011604781,0.926108374
ALABAMA,1991,"46,000",4099156,"50,750",0.011221822,0.906403941
ALABAMA,1992,"46,000",4154014,"50,750",0.011073627,0.906403941
ALABAMA,1993,"49,000",4214202,"50,750",0.01162735,0.965517241
ALABAMA,1994,"49,000",4260229,"50,750",0.011501729,0.965517241
ALABAMA,1995,"49,000",4296800,"50,750",0.011403835,0.965517241
ALABAMA,1996,"49,000",4331102,"50,750",0.011313518,0.965517241
ALABAMA,1997,"49,872",4367935,"50,750",0.011417752,0.982699507
ALABAMA,1998,"49,000",4404701,"50,750",0.011124478,0.965517241
ALABAMA,1999,"48,000",4430141,"50,750",0.01083487,0.945812808
ALABAMA,2000,"47,000",4452173,"50,750",0.010556643,0.926108374
ALABAMA,2001,"46,000",4467634,"50,750",0.010296278,0.906403941
ALABAMA,2002,"45,126",4480089,"50,750",0.010072568,0.889182266
ALABAMA,2003,"45,000",4503491,"50,750",0.009992248,0.886699507
ALABAMA,2004,"44,000",4530729,"50,750",0.009711461,0.866995074
ALABAMA,2005,"43,500",4569805,"50,750",0.009519006,0.857142857
ALABAMA,2006,"43,000",4628981,"50,750",0.009289301,0.84729064
ALABAMA,2007,"48,753",4672840,"50,750",0.01043327,0.960650246
ALABAMA,2008,"47,600",4718206,"50,750",0.01008858,0.937931034
ALABAMA,2009,"46,800",4757938,"50,750",0.009836194,0.922167488
ALABAMA,2010,"46,000",4785514,"50,750",0.009612343,0.906403941
ALABAMA,2011,"45,000",4799642,"50,750",0.009375699,0.886699507
ALABAMA,2012,"43,223",4816632,"50,750",0.008973698,0.851684729
ALASKA,1989,600,,"570,641",-1,0.001051449
ALASKA,1990,580,553290,"570,641",0.001048275,0.001016401
ALASKA,1991,560,570193,"570,641",0.000982124,0.000981353
ALASKA,1992,540,588736,"570,641",0.000917219,0.000946304
ALASKA,1993,540,599432,"570,641",0.000900853,0.000946304
ALASKA,1994,540,603308,"570,641",0.000895065,0.000946304
ALASKA,1995,550,604412,"570,641",0.000909975,0.000963828
ALASKA,1996,550,608569,"570,641",0.000903759,0.000963828
ALASKA,1997,548,612968,"570,641",0.000894011,0.000960324
ALASKA,1998,580,619932,"570,641",0.000935586,0.001016401
ALASKA,1999,580,624779,"570,641",0.000928328,0.001016401
ALASKA,2000,580,627963,"570,641",0.000923621,0.001016401
ALASKA,2001,600,633714,"570,641",0.000946799,0.001051449
ALASKA,2002,609,642337,"570,641",0.0009481,0.001067221
ALASKA,2003,610,648414,"570,641",0.000940757,0.001068973
ALASKA,2004,620,659286,"570,641",0.000940411,0.001086497
ALASKA,2005,640,666946,"570,641",0.000959598,0.001121546
ALASKA,2006,640,675302,"570,641",0.000947724,0.001121546
ALASKA,2007,686,680300,"570,641",0.001008379,0.001202157
ALASKA,2008,700,687455,"570,641",0.001018248,0.001226691
ALASKA,2009,710,698895,"570,641",0.001015889,0.001244215
ALASKA,2010,720,713982,"570,641",0.001008429,0.001261739
ALASKA,2011,740,722349,"570,641",0.001024436,0.001296787
ALASKA,2012,762,730810,"570,641",0.001042679,0.00133534
ARIZONA,1989,"8,000",,"113,642",-1,0.070396508
ARIZONA,1990,"7,800",3684097,"113,642",0.002117208,0.068636596
ARIZONA,1991,"7,600",3788576,"113,642",0.002006031,0.066876683
ARIZONA,1992,"7,500",3915740,"113,642",0.001915347,0.065996727
ARIZONA,1993,"7,800",4065440,"113,642",0.001918612,0.068636596
ARIZONA,1994,"7,800",4245089,"113,642",0.001837417,0.068636596
ARIZONA,1995,"7,800",4432499,"113,642",0.00175973,0.068636596
ARIZONA,1996,"7,900",4586940,"113,642",0.001722281,0.069516552
ARIZONA,1997,"8,507",4736990,"113,642",0.001795866,0.074857887
ARIZONA,1998,"11,000",4883342,"113,642",0.002252556,0.096795199
ARIZONA,1999,"10,900",5023823,"113,642",0.002169662,0.095915243
ARIZONA,2000,"10,700",5160586,"113,642",0.002073408,0.09415533
ARIZONA,2001,"10,400",5273477,"113,642",0.001972133,0.091515461
ARIZONA,2002,"10,300",5396255,"113,642",0.001908731,0.090635504
ARIZONA,2003,"10,300",5510364,"113,642",0.001869205,0.090635504
ARIZONA,2004,"10,200",5652404,"113,642",0.001804542,0.089755548
ARIZONA,2005,"10,100",5839077,"113,642",0.001729725,0.088875592
ARIZONA,2006,"10,000",6029141,"113,642",0.001658611,0.087995635
ARIZONA,2007,"15,637",6167681,"113,642",0.002535313,0.137598775
ARIZONA,2008,"16,400",6280362,"113,642",0.002611314,0.144312842
ARIZONA,2009,"17,100",6343154,"113,642",0.00269582,0.150472537
ARIZONA,2010,"18,000",6407342,"113,642",0.002809277,0.158392144
ARIZONA,2011,"19,000",6473416,"113,642",0.002935081,0.167191707
ARIZONA,2012,"20,005",6556344,"113,642",0.003051243,0.176035269
ARKANSAS,1989,"48,000",,"52,075",-1,0.92174748
ARKANSAS,1990,"47,000",2356586,"52,075",0.019944106,0.902544407
ARKANSAS,1991,"46,000",2383144,"52,075",0.019302233,0.883341335
ARKANSAS,1992,"45,000",2415984,"52,075",0.018625951,0.864138262
ARKANSAS,1993,"51,000",2456303,"52,075",0.020762911,0.979356697
ARKANSAS,1994,"50,000",2494019,"52,075",0.020047963,0.960153625
ARKANSAS,1995,"50,000",2535399,"52,075",0.019720762,0.960153625
ARKANSAS,1996,"49,500",2572109,"52,075",0.019244908,0.950552088
ARKANSAS,1997,"49,493",2601090,"52,075",0.019027792,0.950417667
ARKANSAS,1998,"49,000",2626289,"52,075",0.018657505,0.940950552
ARKANSAS,1999,"48,500",2651860,"52,075",0.01828905,0.931349016
ARKANSAS,2000,"48,000",2678588,"52,075",0.017919889,0.92174748
ARKANSAS,2001,"48,000",2691571,"52,075",0.017833451,0.92174748
ARKANSAS,2002,"47,483",2705927,"52,075",0.017547776,0.911819491
ARKANSAS,2003,"47,500",2724816,"52,075",0.01743237,0.912145943
ARKANSAS,2004,"47,500",2749686,"52,075",0.0172747,0.912145943
ARKANSAS,2005,"47,000",2781097,"52,075",0.016899806,0.902544407
ARKANSAS,2006,"46,500",2821761,"52,075",0.016479071,0.892942871
ARKANSAS,2007,"49,346",2848650,"52,075",0.017322591,0.947594815
ARKANSAS,2008,"48,700",2874554,"52,075",0.016941759,0.93518963
ARKANSAS,2009,"47,900",2896843,"52,075",0.016535242,0.919827172
ARKANSAS,2010,"47,000",2921998,"52,075",0.016084884,0.902544407
ARKANSAS,2011,"46,000",2941038,"52,075",0.015640736,0.883341335
ARKANSAS,2012,"45,071",2952876,"52,075",0.015263425,0.86550168
CALIFORNIA,1989,"84,000",,"155,973",-1,0.53855475
CALIFORNIA,1990,"85,000",29959515,"155,973",0.002837162,0.544966116
CALIFORNIA,1991,"83,000",30470736,"155,973",0.002723925,0.532143384
CALIFORNIA,1992,"82,000",30974659,"155,973",0.002647325,0.525732018
CALIFORNIA,1993,"85,000",31274928,"155,973",0.002717832,0.544966116
CALIFORNIA,1994,"85,000",31484435,"155,973",0.002699747,0.544966116
CALIFORNIA,1995,"86,000",31696582,"155,973",0.002713226,0.551377482
CALIFORNIA,1996,"86,000",32018834,"155,973",0.002685919,0.551377482
CALIFORNIA,1997,"87,991",32486010,"155,973",0.002708581,0.564142512
CALIFORNIA,1998,"87,000",32987675,"155,973",0.002637349,0.557788848
CALIFORNIA,1999,"85,000",33499204,"155,973",0.002537374,0.544966116
CALIFORNIA,2000,"83,100",33987977,"155,973",0.002444982,0.53278452
CALIFORNIA,2001,"81,000",34479458,"155,973",0.002349225,0.519320652
CALIFORNIA,2002,"79,631",34871843,"155,973",0.002283533,0.510543492
CALIFORNIA,2003,"78,500",35253159,"155,973",0.002226751,0.503292236
CALIFORNIA,2004,"77,000",35574576,"155,973",0.002164467,0.493675187
CALIFORNIA,2005,"76,500",35827943,"155,973",0.002135205,0.490469504
CALIFORNIA,2006,"76,000",36021202,"155,973",0.002109869,0.487263821
CALIFORNIA,2007,"81,033",36250311,"155,973",0.002235374,0.519532227
CALIFORNIA,2008,"80,300",36604337,"155,973",0.002193729,0.514832695
CALIFORNIA,2009,"79,800",36961229,"155,973",0.002159019,0.511627012
CALIFORNIA,2010,"79,200",37319550,"155,973",0.002122212,0.507780193
CALIFORNIA,2011,"78,400",37636311,"155,973",0.002083095,0.5026511
CALIFORNIA,2012,"77,857",37944551,"155,973",0.002051862,0.499169728
COLORADO,1989,"27,000",,"103,730",-1,0.26029114
COLORADO,1990,"26,500",3307618,"103,730",0.008011808,0.255470934
COLORADO,1991,"26,000",3387119,"103,730",0.00767614,0.250650728
COLORADO,1992,"25,500",3495939,"103,730",0.007294178,0.245830522
COLORADO,1993,"29,500",3613734,"103,730",0.008163301,0.284392172
COLORADO,1994,"29,500",3724168,"103,730",0.007921232,0.284392172
COLORADO,1995,"29,500",3826653,"103,730",0.007709087,0.284392172
COLORADO,1996,"29,500",3919972,"103,730",0.007525564,0.284392172
COLORADO,1997,"30,197",4018293,"103,730",0.007514883,0.29111154
COLORADO,1998,"29,500",4116639,"103,730",0.00716604,0.284392172
COLORADO,1999,"30,000",4226018,"103,730",0.007098881,0.289212378
COLORADO,2000,"30,000",4326921,"103,730",0.006933337,0.289212378
COLORADO,2001,"30,900",4425687,"103,730",0.006981967,0.29788875
COLORADO,2002,"31,369",4490406,"103,730",0.006985783,0.302410103
COLORADO,2003,"31,400",4528732,"103,730",0.006933508,0.302708956
COLORADO,2004,"30,900",4575013,"103,730",0.006754079,0.29788875
COLORADO,2005,"30,500",4631888,"103,730",0.006584788,0.294032585
COLORADO,2006,"30,700",4720423,"103,730",0.006503654,0.295960667
COLORADO,2007,"37,054",4803868,"103,730",0.007713368,0.357215849
COLORADO,2008,"36,500",4889730,"103,730",0.007464625,0.35187506
COLORADO,2009,"36,100",4972195,"103,730",0.007260375,0.348018895
COLORADO,2010,"36,300",5047539,"103,730",0.007191623,0.349946978
COLORADO,2011,"36,600",5121900,"103,730",0.007145786,0.352839102
COLORADO,2012,"36,180",5193660,"103,730",0.006966186,0.348790128
CONNECTICUT,1989,"4,000",,"4,845",-1,0.825593395
CONNECTICUT,1990,"3,900",3291967,"4,845",0.001184702,0.80495356
CONNECTICUT,1991,"3,900",3302895,"4,845",0.001180782,0.80495356
CONNECTICUT,1992,"4,000",3300712,"4,845",0.00121186,0.825593395
CONNECTICUT,1993,"4,100",3309175,"4,845",0.00123898,0.84623323
CONNECTICUT,1994,"4,100",3316121,"4,845",0.001236384,0.84623323
CONNECTICUT,1995,"4,100",3324144,"4,845",0.0012334,0.84623323
CONNECTICUT,1996,"4,100",3336685,"4,845",0.001228764,0.84623323
CONNECTICUT,1997,"4,905",3349348,"4,845",0.001464464,1.012383901
CONNECTICUT,1998,"4,300",3365352,"4,845",0.001277727,0.8875129
CONNECTICUT,1999,"4,250",3386401,"4,845",0.00125502,0.877192982
CONNECTICUT,2000,"4,200",3411777,"4,845",0.00123103,0.866873065
CONNECTICUT,2001,"4,200",3432835,"4,845",0.001223479,0.866873065
CONNECTICUT,2002,"4,191",3458749,"4,845",0.00121171,0.86501548
CONNECTICUT,2003,"4,200",3484336,"4,845",0.001205395,0.866873065
CONNECTICUT,2004,"4,200",3496094,"4,845",0.001201341,0.866873065
CONNECTICUT,2005,"4,200",3506956,"4,845",0.00119762,0.866873065
CONNECTICUT,2006,"4,200",3517460,"4,845",0.001194043,0.866873065
CONNECTICUT,2007,"4,916",3527270,"4,845",0.001393712,1.014654283
CONNECTICUT,2008,"5,100",3545579,"4,845",0.001438411,1.052631579
CONNECTICUT,2009,"5,300",3561807,"4,845",0.001488009,1.093911249
CONNECTICUT,2010,"5,500",3579173,"4,845",0.001536668,1.135190918
CONNECTICUT,2011,"5,800",3588632,"4,845",0.001616215,1.197110423
CONNECTICUT,2012,"5,977",3595211,"4,845",0.001662489,1.233642931
DELAWARE,1989,"3,000",,"1,955",-1,1.534526854
DELAWARE,1990,"2,900",669567,"1,955",0.004331157,1.483375959
DELAWARE,1991,"2,900",683080,"1,955",0.004245476,1.483375959
DELAWARE,1992,"2,700",694925,"1,955",0.003885311,1.381074169
DELAWARE,1993,"2,900",706378,"1,955",0.004105451,1.483375959
DELAWARE,1994,"2,900",717545,"1,955",0.004041558,1.483375959
DELAWARE,1995,"2,800",729734,"1,955",0.003837015,1.432225064
DELAWARE,1996,"2,800",740977,"1,955",0.003778795,1.432225064
DELAWARE,1997,"2,671",751487,"1,955",0.003554286,1.366240409
DELAWARE,1998,"2,700",763335,"1,955",0.00353711,1.381074169
DELAWARE,1999,"2,600",774990,"1,955",0.003354882,1.329923274
DELAWARE,2000,"2,600",786373,"1,955",0.003306319,1.329923274
DELAWARE,2001,"2,500",795699,"1,955",0.003141892,1.278772379
DELAWARE,2002,"2,391",806169,"1,955",0.002965879,1.223017903
DELAWARE,2003,"2,300",818003,"1,955",0.002811726,1.176470588
DELAWARE,2004,"2,300",830803,"1,955",0.002768406,1.176470588
DELAWARE,2005,"2,300",845150,"1,955",0.00272141,1.176470588
DELAWARE,2006,"2,300",859268,"1,955",0.002676697,1.176470588
DELAWARE,2007,"2,546",871749,"1,955",0.002920565,1.30230179
DELAWARE,2008,"2,500",883874,"1,955",0.002828457,1.278772379
DELAWARE,2009,"2,450",891730,"1,955",0.002747468,1.253196931
DELAWARE,2010,"2,500",899647,"1,955",0.002778868,1.278772379
DELAWARE,2011,"2,450",907590,"1,955",0.002699457,1.253196931
DELAWARE,2012,"2,451",915518,"1,955",0.002677173,1.25370844
FLORIDA,1989,"41,000",,"53,997",-1,0.759301443
FLORIDA,1990,"41,000",13033307,"53,997",0.003145786,0.759301443
FLORIDA,1991,"40,000",13369798,"53,997",0.002991818,0.740781895
FLORIDA,1992,"39,000",13650553,"53,997",0.002857027,0.722262348
FLORIDA,1993,"45,000",13927185,"53,997",0.003231091,0.833379632
FLORIDA,1994,"45,000",14239444,"53,997",0.003160236,0.833379632
FLORIDA,1995,"45,000",14537875,"53,997",0.003095363,0.833379632
FLORIDA,1996,"45,000",14853360,"53,997",0.003029618,0.833379632
FLORIDA,1997,"45,808",15186304,"53,997",0.003016402,0.848343426
FLORIDA,1998,"45,000",15486559,"53,997",0.002905746,0.833379632
FLORIDA,1999,"45,000",15759421,"53,997",0.002855435,0.833379632
FLORIDA,2000,"44,000",16047515,"53,997",0.002741858,0.814860085
FLORIDA,2001,"44,000",16356966,"53,997",0.002689985,0.814860085
FLORIDA,2002,"44,081",16689370,"53,997",0.002641262,0.816360168
FLORIDA,2003,"44,000",17004085,"53,997",0.002587614,0.814860085
FLORIDA,2004,"43,200",17415318,"53,997",0.002480575,0.800044447
FLORIDA,2005,"42,000",17842038,"53,997",0.002353991,0.77782099
FLORIDA,2006,"41,000",18166990,"53,997",0.002256841,0.759301443
FLORIDA,2007,"47,463",18367842,"53,997",0.002584027,0.878993277
FLORIDA,2008,"47,500",18527305,"53,997",0.002563784,0.879678501
FLORIDA,2009,"47,700",18652644,"53,997",0.002557278,0.88338241
FLORIDA,2010,"47,600",18846143,"53,997",0.002525716,0.881530455
FLORIDA,2011,"47,700",19055607,"53,997",0.0025032,0.88338241
FLORIDA,2012,"47,740",19302016,"53,997",0.002473317,0.884123192
GEORGIA,1989,"48,000",,"57,919",-1,0.82874359
GEORGIA,1990,"48,000",6512602,"57,919",0.007370326,0.82874359
GEORGIA,1991,"46,000",6653005,"57,919",0.006914169,0.794212607
GEORGIA,1992,"46,000",6817203,"57,919",0.006747635,0.794212607
GEORGIA,1993,"49,000",6978240,"57,919",0.007021828,0.846009082
GEORGIA,1994,"49,000",7157165,"57,919",0.006846286,0.846009082
GEORGIA,1995,"49,000",7328413,"57,919",0.006686304,0.846009082
GEORGIA,1996,"49,000",7501069,"57,919",0.006532402,0.846009082
GEORGIA,1997,"49,343",7685099,"57,919",0.006420607,0.851931145
GEORGIA,1998,"49,000",7863536,"57,919",0.006231293,0.846009082
GEORGIA,1999,"49,000",8045965,"57,919",0.006090009,0.846009082
GEORGIA,2000,"49,100",8227303,"57,919",0.005967934,0.847735631
GEORGIA,2001,"49,200",8377038,"57,919",0.005873198,0.84946218
GEORGIA,2002,"49,311",8508256,"57,919",0.005795665,0.851378649
GEORGIA,2003,"49,300",8622793,"57,919",0.005717405,0.851188729
GEORGIA,2004,"49,000",8769252,"57,919",0.005587706,0.846009082
GEORGIA,2005,"49,000",8925922,"57,919",0.005489629,0.846009082
GEORGIA,2006,"49,000",9155813,"57,919",0.005351791,0.846009082
GEORGIA,2007,"47,846",9349988,"57,919",0.005117226,0.826084705
GEORGIA,2008,"46,600",9504843,"57,919",0.004902764,0.804571902
GEORGIA,2009,"45,300",9620846,"57,919",0.004708526,0.782126763
GEORGIA,2010,"44,200",9712209,"57,919",0.004550973,0.763134723
GEORGIA,2011,"43,400",9803630,"57,919",0.004426932,0.749322329
GEORGIA,2012,"42,257",9903580,"57,919",0.004266841,0.729587873
HAWAII,1989,"4,650",,"6,423",-1,0.723960766
HAWAII,1990,"4,700",1113491,"6,423",0.004220959,0.73174529
HAWAII,1991,"4,700",1136754,"6,423",0.00413458,0.73174529
HAWAII,1992,"4,800",1158613,"6,423",0.004142885,0.747314339
HAWAII,1993,"5,200",1172838,"6,423",0.00443369,0.809590534
HAWAII,1994,"5,300",1187536,"6,423",0.004463023,0.825159583
HAWAII,1995,"5,300",1196854,"6,423",0.004428276,0.825159583
HAWAII,1996,"5,400",1203755,"6,423",0.004485963,0.840728631
HAWAII,1997,"5,473",1211640,"6,423",0.004517018,0.852094037
HAWAII,1998,"5,500",1215233,"6,423",0.004525881,0.85629768
HAWAII,1999,"5,500",1210300,"6,423",0.004544328,0.85629768
HAWAII,2000,"5,500",1213519,"6,423",0.004532273,0.85629768
HAWAII,2001,"5,500",1225948,"6,423",0.004486324,0.85629768
HAWAII,2002,"5,398",1239613,"6,423",0.004354585,0.840417251
HAWAII,2003,"5,500",1251154,"6,423",0.004395942,0.85629768
HAWAII,2004,"5,500",1273569,"6,423",0.004318572,0.85629768
HAWAII,2005,"5,500",1292729,"6,423",0.004254565,0.85629768
HAWAII,2006,"5,500",1309731,"6,423",0.004199336,0.85629768
HAWAII,2007,"7,521",1315675,"6,423",0.005716457,1.170948155
HAWAII,2008,"7,400",1332213,"6,423",0.005554667,1.152109606
HAWAII,2009,"7,300",1346717,"6,423",0.005420589,1.136540557
HAWAII,2010,"7,200",1364004,"6,423",0.005278577,1.120971509
HAWAII,2011,"7,100",1379562,"6,423",0.005146561,1.10540246
HAWAII,2012,"7,000",1395199,"6,423",0.005017205,1.089833411
IDAHO,1989,"22,100",,"82,751",-1,0.267066259
IDAHO,1990,"21,800",1012384,"82,751",0.021533331,0.263440925
IDAHO,1991,"21,400",1041316,"82,751",0.020550918,0.258607147
IDAHO,1992,"21,000",1071685,"82,751",0.01959531,0.253773368
IDAHO,1993,"23,500",1108768,"82,751",0.021194695,0.283984484
IDAHO,1994,"23,500",1145140,"82,751",0.020521508,0.283984484
IDAHO,1995,"23,500",1177322,"82,751",0.019960555,0.283984484
IDAHO,1996,"24,000",1203083,"82,751",0.019948748,0.290026707
IDAHO,1997,"25,590",1228520,"82,751",0.020829942,0.309240976
IDAHO,1998,"24,500",1252330,"82,751",0.019563534,0.29606893
IDAHO,1999,"24,500",1275674,"82,751",0.019205534,0.29606893
IDAHO,2000,"24,500",1299430,"82,751",0.018854421,0.29606893
IDAHO,2001,"24,500",1319962,"82,751",0.01856114,0.29606893
IDAHO,2002,"25,017",1340372,"82,751",0.018664222,0.302316588
IDAHO,2003,"25,000",1363380,"82,751",0.018336781,0.302111153
IDAHO,2004,"25,000",1391802,"82,751",0.017962325,0.302111153
IDAHO,2005,"25,000",1428241,"82,751",0.017504049,0.302111153
IDAHO,2006,"25,000",1468669,"82,751",0.017022215,0.302111153
IDAHO,2007,"25,349",1505105,"82,751",0.016842014,0.306328624
IDAHO,2008,"25,400",1534320,"82,751",0.016554565,0.306944931
IDAHO,2009,"25,800",1554439,"82,751",0.016597628,0.31177871
IDAHO,2010,"25,400",1570819,"82,751",0.016169909,0.306944931
IDAHO,2011,"25,100",1584272,"82,751",0.015843239,0.303319597
IDAHO,2012,"24,816",1595910,"82,751",0.015549749,0.299887615
ILLINOIS,1989,"86,000",,"55,593",-1,1.546957351
ILLINOIS,1990,"83,000",11453316,"55,593",0.00724681,1.492993722
ILLINOIS,1991,"82,000",11568964,"55,593",0.007087929,1.475005846
ILLINOIS,1992,"81,000",11694184,"55,593",0.00692652,1.45701797
ILLINOIS,1993,"81,000",11809579,"55,593",0.006858839,1.45701797
ILLINOIS,1994,"80,000",11912585,"55,593",0.006715587,1.439030094
ILLINOIS,1995,"80,000",12008437,"55,593",0.006661983,1.439030094
ILLINOIS,1996,"79,000",12101997,"55,593",0.006527848,1.421042218
ILLINOIS,1997,"79,112",12185715,"55,593",0.006492192,1.42305686
ILLINOIS,1998,"79,000",12271847,"55,593",0.006437499,1.421042218
ILLINOIS,1999,"79,000",12359020,"55,593",0.006392093,1.421042218
ILLINOIS,2000,"77,000",12434161,"55,593",0.006192617,1.385066465
ILLINOIS,2001,"75,000",12488445,"55,593",0.006005552,1.349090713
ILLINOIS,2002,"73,027",12525556,"55,593",0.00583024,1.313600633
ILLINOIS,2003,"73,000",12556006,"55,593",0.005813951,1.313114961
ILLINOIS,2004,"72,800",12589773,"55,593",0.005782471,1.309517385
ILLINOIS,2005,"72,500",12609903,"55,593",0.005749449,1.304121022
ILLINOIS,2006,"72,400",12643955,"55,593",0.005726056,1.302322235
ILLINOIS,2007,"76,860",12695866,"55,593",0.006053939,1.382548163
ILLINOIS,2008,"76,600",12747038,"55,593",0.006009239,1.377871315
ILLINOIS,2009,"76,200",12796778,"55,593",0.005954624,1.370676164
ILLINOIS,2010,"75,900",12840545,"55,593",0.005910964,1.365279801
ILLINOIS,2011,"75,500",12867783,"55,593",0.005867367,1.358084651
ILLINOIS,2012,"75,087",12883029,"55,593",0.005828365,1.350655658
INDIANA,1989,"71,000",,"35,870",-1,1.979369947
INDIANA,1990,"68,000",5557798,"35,870",0.012235061,1.895734597
INDIANA,1991,"65,000",5616388,"35,870",0.011573274,1.812099247
INDIANA,1992,"65,000",5674547,"35,870",0.011454659,1.812099247
INDIANA,1993,"68,000",5739019,"35,870",0.011848715,1.895734597
INDIANA,1994,"67,000",5793526,"35,870",0.011564633,1.867856147
INDIANA,1995,"66,000",5851459,"35,870",0.011279238,1.839977697
INDIANA,1996,"66,000",5906013,"35,870",0.011175052,1.839977697
INDIANA,1997,"66,707",5955267,"35,870",0.011201345,1.859687761
INDIANA,1998,"66,000",5998880,"35,870",0.011002054,1.839977697
INDIANA,1999,"64,800",6044969,"35,870",0.010719658,1.806523557
INDIANA,2000,"63,400",6091866,"35,870",0.01040732,1.767493727
INDIANA,2001,"62,100",6127760,"35,870",0.010134209,1.731251742
INDIANA,2002,"60,296",6155967,"35,870",0.009794724,1.680959019
INDIANA,2003,"59,500",6196638,"35,870",0.009601981,1.658767773
INDIANA,2004,"59,300",6233007,"35,870",0.009513867,1.653192083
INDIANA,2005,"59,000",6278616,"35,870",0.009396975,1.644828548
INDIANA,2006,"59,000",6332669,"35,870",0.009316767,1.644828548
INDIANA,2007,"60,938",6379599,"35,870",0.009552011,1.698856984
INDIANA,2008,"60,700",6424806,"35,870",0.009447756,1.692221912
INDIANA,2009,"61,100",6459325,"35,870",0.009459193,1.703373292
INDIANA,2010,"61,200",6490555,"35,870",0.009429086,1.706161137
INDIANA,2011,"61,100",6517250,"35,870",0.00937512,1.703373292
INDIANA,2012,"58,695",6538989,"35,870",0.008976158,1.63632562
IOWA,1989,"105,000",,"55,875",-1,1.879194631
IOWA,1990,"104,000",2781018,"55,875",0.037396378,1.861297539
IOWA,1991,"103,000",2797613,"55,875",0.036817101,1.843400447
IOWA,1992,"103,000",2818401,"55,875",0.036545545,1.843400447
IOWA,1993,"102,000",2836972,"55,875",0.035953827,1.825503356
IOWA,1994,"101,000",2850746,"55,875",0.035429323,1.807606264
IOWA,1995,"100,000",2867373,"55,875",0.034875128,1.789709172
IOWA,1996,"99,000",2880000,"55,875",0.034375,1.771812081
IOWA,1997,"96,705",2891119,"55,875",0.033448986,1.730738255
IOWA,1998,"97,000",2902872,"55,875",0.033415183,1.736017897
IOWA,1999,"95,000",2917634,"55,875",0.03256063,1.700223714
IOWA,2000,"94,000",2929067,"55,875",0.03209213,1.682326622
IOWA,2001,"92,000",2931997,"55,875",0.031377931,1.646532438
IOWA,2002,"90,655",2934234,"55,875",0.030895627,1.62246085
IOWA,2003,"90,000",2941999,"55,875",0.030591445,1.610738255
IOWA,2004,"89,700",2953635,"55,875",0.030369358,1.605369128
IOWA,2005,"89,000",2964454,"55,875",0.030022392,1.592841163
IOWA,2006,"88,600",2982644,"55,875",0.029705188,1.585682327
IOWA,2007,"92,856",2999212,"55,875",0.030960132,1.661852349
IOWA,2008,"91,400",3016734,"55,875",0.030297666,1.635794183
IOWA,2009,"90,300",3032870,"55,875",0.029773779,1.616107383
IOWA,2010,"89,100",3050819,"55,875",0.029205272,1.594630872
IOWA,2011,"88,900",3066772,"55,875",0.028988135,1.591051454
IOWA,2012,"88,637",3076844,"55,875",0.028807765,1.586344519
KANSAS,1989,"69,000",,"81,823",-1,0.843283673
KANSAS,1990,"69,000",2481349,"81,823",0.027807455,0.843283673
KANSAS,1991,"69,000",2498722,"81,823",0.027614116,0.843283673
KANSAS,1992,"67,000",2532394,"81,823",0.026457178,0.818840668
KANSAS,1993,"66,000",2556547,"81,823",0.025816071,0.806619166
KANSAS,1994,"66,000",2580513,"81,823",0.02557631,0.806619166
KANSAS,1995,"66,000",2601007,"81,823",0.025374788,0.806619166
KANSAS,1996,"65,000",2614554,"81,823",0.024860837,0.794397663
KANSAS,1997,"65,476",2635292,"81,823",0.024845824,0.800215098
KANSAS,1998,"65,000",2660598,"81,823",0.024430598,0.794397663
KANSAS,1999,"65,000",2678338,"81,823",0.024268782,0.794397663
KANSAS,2000,"64,500",2693681,"81,823",0.023944929,0.788286912
KANSAS,2001,"64,500",2702162,"81,823",0.023869775,0.788286912
KANSAS,2002,"64,414",2713535,"81,823",0.023738039,0.787235863
KANSAS,2003,"64,500",2723004,"81,823",0.023687075,0.788286912
KANSAS,2004,"64,500",2734373,"81,823",0.023588589,0.788286912
KANSAS,2005,"64,500",2745299,"81,823",0.023494709,0.788286912
KANSAS,2006,"64,000",2762931,"81,823",0.023163807,0.782176161
KANSAS,2007,"65,531",2783785,"81,823",0.023540252,0.800887281
KANSAS,2008,"64,700",2808076,"81,823",0.023040687,0.790731212
KANSAS,2009,"63,900",2832704,"81,823",0.022557952,0.78095401
KANSAS,2010,"63,100",2858266,"81,823",0.022076322,0.771176808
KANSAS,2011,"62,400",2869677,"81,823",0.021744607,0.762621757
KANSAS,2012,"61,773",2886024,"81,823",0.021404188,0.754958875
KENTUCKY,1989,"95,000",,"39,732",-1,2.391019833
KENTUCKY,1990,"93,000",3694048,"39,732",0.025175634,2.340682573
KENTUCKY,1991,"91,000",3722328,"39,732",0.024447066,2.290345314
KENTUCKY,1992,"91,000",3765469,"39,732",0.024166976,2.290345314
KENTUCKY,1993,"95,000",3812206,"39,732",0.024919954,2.391019833
KENTUCKY,1994,"94,000",3849088,"39,732",0.024421369,2.365851203
KENTUCKY,1995,"93,000",3887427,"39,732",0.023923279,2.340682573
KENTUCKY,1996,"92,000",3919535,"39,732",0.023472172,2.315513943
KENTUCKY,1997,"91,198",3952747,"39,732",0.023072056,2.295328702
KENTUCKY,1998,"90,000",3985390,"39,732",0.022582483,2.265176684
KENTUCKY,1999,"91,000",4018053,"39,732",0.022647785,2.290345314
KENTUCKY,2000,"90,000",4049021,"39,732",0.022227595,2.265176684
KENTUCKY,2001,"88,000",4068132,"39,732",0.02163155,2.214839424
KENTUCKY,2002,"86,541",4089875,"39,732",0.021159815,2.178118393
KENTUCKY,2003,"87,000",4117170,"39,732",0.02113102,2.189670794
KENTUCKY,2004,"85,000",4146101,"39,732",0.020501189,2.139333535
KENTUCKY,2005,"84,000",4182742,"39,732",0.02008252,2.114164905
KENTUCKY,2006,"84,000",4219239,"39,732",0.019908803,2.114164905
KENTUCKY,2007,"85,260",4256672,"39,732",0.020029732,2.145877378
KENTUCKY,2008,"83,500",4289878,"39,732",0.019464423,2.10158059
KENTUCKY,2009,"81,800",4317074,"39,732",0.018948019,2.058793919
KENTUCKY,2010,"80,100",4348464,"39,732",0.018420297,2.016007249
KENTUCKY,2011,"78,600",4370817,"39,732",0.017982908,1.978254304
KENTUCKY,2012,"77,064",4387865,"39,732",0.017562983,1.939595288
LOUISIANA,1989,"34,000",,"43,566",-1,0.780425102
LOUISIANA,1990,"32,000",4221532,"43,566",0.007580187,0.734517743
LOUISIANA,1991,"30,000",4253279,"43,566",0.007053382,0.688610384
LOUISIANA,1992,"29,000",4293003,"43,566",0.006755178,0.665656705
LOUISIANA,1993,"30,000",4316428,"43,566",0.006950191,0.688610384
LOUISIANA,1994,"30,000",4347481,"43,566",0.006900548,0.688610384
LOUISIANA,1995,"30,000",4378779,"43,566",0.006851225,0.688610384
LOUISIANA,1996,"30,000",4398877,"43,566",0.006819922,0.688610384
LOUISIANA,1997,"30,425",4421071,"43,566",0.006881817,0.698365698
LOUISIANA,1998,"30,000",4440344,"43,566",0.006756233,0.688610384
LOUISIANA,1999,"30,000",4460811,"43,566",0.006725234,0.688610384
LOUISIANA,2000,"29,000",4471885,"43,566",0.006484961,0.665656705
LOUISIANA,2001,"28,000",4477875,"43,566",0.006252966,0.642703025
LOUISIANA,2002,"27,413",4497267,"43,566",0.00609548,0.629229215
LOUISIANA,2003,"27,200",4521042,"43,566",0.006016312,0.624340082
LOUISIANA,2004,"27,000",4552238,"43,566",0.005931149,0.619749346
LOUISIANA,2005,"26,800",4576628,"43,566",0.00585584,0.61515861
LOUISIANA,2006,"26,800",4302665,"43,566",0.006228698,0.61515861
LOUISIANA,2007,"30,106",4375581,"43,566",0.006880458,0.691043474
LOUISIANA,2008,"29,900",4435586,"43,566",0.006740936,0.686315016
LOUISIANA,2009,"29,700",4491648,"43,566",0.006612272,0.68172428
LOUISIANA,2010,"29,000",4544635,"43,566",0.006381151,0.665656705
LOUISIANA,2011,"28,500",4576244,"43,566",0.006227815,0.654179865
LOUISIANA,2012,"28,093",4602067,"43,566",0.006104431,0.644837717
MAINE,1989,"7,300",,"30,865",-1,0.236513851
MAINE,1990,"7,200",1231719,"30,865",0.005845489,0.233273935
MAINE,1991,"7,100",1237081,"30,865",0.005739317,0.230034019
MAINE,1992,"7,300",1238508,"30,865",0.005894189,0.236513851
MAINE,1993,"7,300",1242302,"30,865",0.005876188,0.236513851
MAINE,1994,"7,400",1242662,"30,865",0.005954958,0.239753766
MAINE,1995,"7,400",1243480,"30,865",0.005951041,0.239753766
MAINE,1996,"7,200",1249060,"30,865",0.005764335,0.233273935
MAINE,1997,"7,404",1254774,"30,865",0.005900664,0.239883363
MAINE,1998,"7,100",1259127,"30,865",0.005638828,0.230034019
MAINE,1999,"7,100",1266808,"30,865",0.005604638,0.230034019
MAINE,2000,"7,100",1277072,"30,865",0.005559593,0.230034019
MAINE,2001,"7,150",1285692,"30,865",0.005561208,0.231653977
MAINE,2002,"7,196",1295960,"30,865",0.005552641,0.233144338
MAINE,2003,"7,200",1306513,"30,865",0.005510852,0.233273935
MAINE,2004,"7,200",1313688,"30,865",0.005480753,0.233273935
MAINE,2005,"7,100",1318787,"30,865",0.005383735,0.230034019
MAINE,2006,"7,100",1323619,"30,865",0.005364081,0.230034019
MAINE,2007,"8,136",1327040,"30,865",0.006130938,0.263599546
MAINE,2008,"8,100",1330509,"30,865",0.006087896,0.262433177
MAINE,2009,"8,100",1329590,"30,865",0.006092104,0.262433177
MAINE,2010,"8,100",1327651,"30,865",0.006101001,0.262433177
MAINE,2011,"8,200",1328473,"30,865",0.0061725,0.265673092
MAINE,2012,"8,173",1328094,"30,865",0.006153932,0.264798315
MARYLAND,1989,"15,600",,"9,775",-1,1.595907928
MARYLAND,1990,"15,200",4799770,"9,775",0.003166818,1.554987212
MARYLAND,1991,"15,400",4867641,"9,775",0.00316375,1.57544757
MARYLAND,1992,"15,600",4923368,"9,775",0.003168563,1.595907928
MARYLAND,1993,"15,000",4971889,"9,775",0.003016962,1.534526854
MARYLAND,1994,"14,500",5023060,"9,775",0.002886687,1.483375959
MARYLAND,1995,"14,300",5070033,"9,775",0.002820494,1.462915601
MARYLAND,1996,"13,700",5111986,"9,775",0.002679976,1.401534527
MARYLAND,1997,"13,254",5157328,"9,775",0.002569935,1.355907928
MARYLAND,1998,"12,800",5204464,"9,775",0.002459427,1.309462916
MARYLAND,1999,"12,600",5254509,"9,775",0.002397941,1.289002558
MARYLAND,2000,"12,400",5311034,"9,775",0.002334762,1.268542199
MARYLAND,2001,"12,300",5374691,"9,775",0.002288504,1.25831202
MARYLAND,2002,"12,198",5440389,"9,775",0.002242119,1.247877238
MARYLAND,2003,"12,100",5496269,"9,775",0.002201493,1.237851662
MARYLAND,2004,"12,100",5546935,"9,775",0.002181385,1.237851662
MARYLAND,2005,"12,100",5592379,"9,775",0.002163659,1.237851662
MARYLAND,2006,"12,000",5627367,"9,775",0.002132436,1.227621483
MARYLAND,2007,"12,834",5653408,"9,775",0.002270135,1.312941176
MARYLAND,2008,"12,800",5684965,"9,775",0.002251553,1.309462916
MARYLAND,2009,"12,600",5730388,"9,775",0.002198804,1.289002558
MARYLAND,2010,"12,500",5788784,"9,775",0.002159348,1.278772379
MARYLAND,2011,"12,400",5840241,"9,775",0.0021232,1.268542199
MARYLAND,2012,"12,256",5888375,"9,775",0.002081389,1.253810742
MASSACHUSETTS,1989,"6,500",,"7,838",-1,0.829293187
MASSACHUSETTS,1990,"6,400",6022639,"7,838",0.001062657,0.81653483
MASSACHUSETTS,1991,"6,400",6018470,"7,838",0.001063393,0.81653483
MASSACHUSETTS,1992,"6,400",6028709,"7,838",0.001061587,0.81653483
MASSACHUSETTS,1993,"6,200",6060569,"7,838",0.001023006,0.791018117
MASSACHUSETTS,1994,"6,100",6095241,"7,838",0.001000781,0.77825976
MASSACHUSETTS,1995,"6,000",6141445,"7,838",0.000976969,0.765501403
MASSACHUSETTS,1996,"6,000",6179756,"7,838",0.000970912,0.765501403
MASSACHUSETTS,1997,"7,307",6226058,"7,838",0.001173616,0.932253126
MASSACHUSETTS,1998,"6,000",6271838,"7,838",0.000956657,0.765501403
MASSACHUSETTS,1999,"6,100",6317345,"7,838",0.000965596,0.77825976
MASSACHUSETTS,2000,"6,100",6361104,"7,838",0.000958953,0.77825976
MASSACHUSETTS,2001,"6,100",6397634,"7,838",0.000953477,0.77825976
MASSACHUSETTS,2002,"6,075",6417206,"7,838",0.000946674,0.775070171
MASSACHUSETTS,2003,"6,100",6422565,"7,838",0.000949776,0.77825976
MASSACHUSETTS,2004,"6,100",6412281,"7,838",0.0009513,0.77825976
MASSACHUSETTS,2005,"6,100",6403290,"7,838",0.000952635,0.77825976
MASSACHUSETTS,2006,"6,100",6410084,"7,838",0.000951626,0.77825976
MASSACHUSETTS,2007,"7,691",6431559,"7,838",0.001195822,0.981245216
MASSACHUSETTS,2008,"7,700",6468967,"7,838",0.001190298,0.982393468
MASSACHUSETTS,2009,"7,700",6517613,"7,838",0.001181414,0.982393468
MASSACHUSETTS,2010,"7,700",6566440,"7,838",0.001172629,0.982393468
MASSACHUSETTS,2011,"7,700",6614218,"7,838",0.001164159,0.982393468
MASSACHUSETTS,2012,"7,755",6664269,"7,838",0.001163669,0.989410564
MICHIGAN,1989,"55,000",,"56,539",-1,0.972779851
MICHIGAN,1990,"54,000",9311319,"56,539",0.005799393,0.955092945
MICHIGAN,1991,"54,000",9400446,"56,539",0.005744408,0.955092945
MICHIGAN,1992,"54,000",9479065,"56,539",0.005696764,0.955092945
MICHIGAN,1993,"55,000",9540114,"56,539",0.00576513,0.972779851
MICHIGAN,1994,"55,000",9597737,"56,539",0.005730518,0.972779851
MICHIGAN,1995,"55,000",9676211,"56,539",0.005684043,0.972779851
MICHIGAN,1996,"54,000",9758645,"56,539",0.005533555,0.955092945
MICHIGAN,1997,"53,519",9809051,"56,539",0.005456083,0.946585543
MICHIGAN,1998,"52,000",9847942,"56,539",0.005280291,0.919719132
MICHIGAN,1999,"53,000",9897116,"56,539",0.005355095,0.937406038
MICHIGAN,2000,"53,000",9952450,"56,539",0.005325322,0.937406038
MICHIGAN,2001,"53,000",9991120,"56,539",0.005304711,0.937406038
MICHIGAN,2002,"53,315",10015710,"56,539",0.005323137,0.942977414
MICHIGAN,2003,"53,300",10041152,"56,539",0.005308156,0.94271211
MICHIGAN,2004,"53,200",10055315,"56,539",0.005290734,0.94094342
MICHIGAN,2005,"53,000",10051137,"56,539",0.005273035,0.937406038
MICHIGAN,2006,"53,000",10036081,"56,539",0.005280946,0.937406038
MICHIGAN,2007,"56,014",10001284,"56,539",0.005600681,0.990714374
MICHIGAN,2008,"54,400",9946889,"56,539",0.005469047,0.962167707
MICHIGAN,2009,"53,700",9901591,"56,539",0.005423371,0.949786873
MICHIGAN,2010,"53,300",9877597,"56,539",0.005396049,0.94271211
MICHIGAN,2011,"52,700",9883053,"56,539",0.00533236,0.932099966
MICHIGAN,2012,"52,194",9898289,"56,539",0.005273033,0.923150392
MINNESOTA,1989,"90,000",,"79,617",-1,1.130411847
MINNESOTA,1990,"89,000",4389857,"79,617",0.020274009,1.117851715
MINNESOTA,1991,"88,000",4440859,"79,617",0.019815986,1.105291583
MINNESOTA,1992,"88,000",4495572,"79,617",0.019574817,1.105291583
MINNESOTA,1993,"86,000",4555954,"79,617",0.018876398,1.08017132
MINNESOTA,1994,"84,500",4610355,"79,617",0.018328307,1.061331123
MINNESOTA,1995,"83,000",4660180,"79,617",0.017810471,1.042490925
MINNESOTA,1996,"82,000",4712827,"79,617",0.017399323,1.029930794
MINNESOTA,1997,"78,755",4763390,"79,617",0.016533393,0.989173167
MINNESOTA,1998,"80,000",4813412,"79,617",0.016620227,1.00481053
MINNESOTA,1999,"81,000",4873481,"79,617",0.016620563,1.017370662
MINNESOTA,2000,"81,000",4933692,"79,617",0.016417725,1.017370662
MINNESOTA,2001,"81,000",4982796,"79,617",0.016255933,1.017370662
MINNESOTA,2002,"80,839",5018935,"79,617",0.016106804,1.015348481
MINNESOTA,2003,"80,000",5053572,"79,617",0.015830387,1.00481053
MINNESOTA,2004,"79,600",5087713,"79,617",0.015645537,0.999786478
MINNESOTA,2005,"79,600",5119598,"79,617",0.015548096,0.999786478
MINNESOTA,2006,"79,300",5163555,"79,617",0.015357636,0.996018438
MINNESOTA,2007,"80,992",5207203,"79,617",0.01555384,1.017270181
MINNESOTA,2008,"79,600",5247018,"79,617",0.015170522,0.999786478
MINNESOTA,2009,"78,400",5281203,"79,617",0.014845103,0.98471432
MINNESOTA,2010,"76,800",5310934,"79,617",0.014460733,0.964618109
MINNESOTA,2011,"75,400",5346620,"79,617",0.014102367,0.947033925
MINNESOTA,2012,"74,542",5377500,"79,617",0.013861832,0.936257332
MISSISSIPPI,1989,"41,000",,"46,914",-1,0.873939549
MISSISSIPPI,1990,"40,000",2578897,"46,914",0.015510507,0.85262395
MISSISSIPPI,1991,"40,000",2598733,"46,914",0.015392116,0.85262395
MISSISSIPPI,1992,"39,000",2623734,"46,914",0.014864312,0.831308351
MISSISSIPPI,1993,"40,000",2655100,"46,914",0.015065346,0.85262395
MISSISSIPPI,1994,"40,000",2688992,"46,914",0.014875463,0.85262395
MISSISSIPPI,1995,"41,000",2722659,"46,914",0.015058808,0.873939549
MISSISSIPPI,1996,"42,000",2748085,"46,914",0.01528337,0.895255148
MISSISSIPPI,1997,"42,150",2777004,"46,914",0.015178228,0.898452488
MISSISSIPPI,1998,"42,000",2804834,"46,914",0.014974148,0.895255148
MISSISSIPPI,1999,"42,000",2828408,"46,914",0.014849343,0.895255148
MISSISSIPPI,2000,"42,000",2848353,"46,914",0.014745363,0.895255148
MISSISSIPPI,2001,"42,000",2852994,"46,914",0.014721377,0.895255148
MISSISSIPPI,2002,"42,186",2858681,"46,914",0.014757155,0.899219849
MISSISSIPPI,2003,"42,800",2868312,"46,914",0.014921668,0.912307627
MISSISSIPPI,2004,"42,200",2889010,"46,914",0.01460708,0.899518267
MISSISSIPPI,2005,"42,200",2905943,"46,914",0.014521964,0.899518267
MISSISSIPPI,2006,"42,000",2904978,"46,914",0.014457941,0.895255148
MISSISSIPPI,2007,"41,959",2928350,"46,914",0.014328547,0.894381208
MISSISSIPPI,2008,"41,100",2947806,"46,914",0.013942573,0.876071109
MISSISSIPPI,2009,"40,500",2958774,"46,914",0.013688102,0.86328175
MISSISSIPPI,2010,"39,700",2970615,"46,914",0.013364236,0.846229271
MISSISSIPPI,2011,"38,800",2979147,"46,914",0.013023862,0.827045232
MISSISSIPPI,2012,"38,076",2984599,"46,914",0.012757493,0.811612738
MISSOURI,1989,"109,000",,"68,898",-1,1.582048826
MISSOURI,1990,"108,000",5128880,"68,898",0.021057229,1.567534616
MISSOURI,1991,"107,000",5170800,"68,898",0.020693123,1.553020407
MISSOURI,1992,"107,000",5217101,"68,898",0.020509475,1.553020407
MISSOURI,1993,"111,000",5271175,"68,898",0.021057924,1.611077245
MISSOURI,1994,"111,000",5324497,"68,898",0.02084704,1.611077245
MISSOURI,1995,"111,000",5378247,"68,898",0.020638695,1.611077245
MISSOURI,1996,"110,000",5431553,"68,898",0.020252035,1.596563035
MISSOURI,1997,"110,986",5481193,"68,898",0.020248512,1.610874046
MISSOURI,1998,"110,000",5521765,"68,898",0.019921167,1.596563035
MISSOURI,1999,"110,000",5561948,"68,898",0.019777244,1.596563035
MISSOURI,2000,"109,000",5607285,"68,898",0.019438998,1.582048826
MISSOURI,2001,"108,000",5641142,"68,898",0.01914506,1.567534616
MISSOURI,2002,"106,797",5674825,"68,898",0.018819435,1.550074022
MISSOURI,2003,"106,000",5709403,"68,898",0.018565864,1.538506198
MISSOURI,2004,"106,000",5747741,"68,898",0.018442028,1.538506198
MISSOURI,2005,"105,000",5790300,"68,898",0.018133775,1.523991988
MISSOURI,2006,"105,000",5842704,"68,898",0.017971131,1.523991988
MISSOURI,2007,"107,825",5887612,"68,898",0.018313877,1.56499463
MISSOURI,2008,"106,500",5923916,"68,898",0.017977973,1.545763302
MISSOURI,2009,"105,000",5961088,"68,898",0.017614234,1.523991988
MISSOURI,2010,"103,000",5996089,"68,898",0.017177864,1.494963569
MISSOURI,2011,"101,000",6011182,"68,898",0.01680202,1.465935151
MISSOURI,2012,"99,171",6026027,"68,898",0.016457112,1.439388661
MONTANA,1989,"24,700",,"145,556",-1,0.169694138
MONTANA,1990,"24,700",800204,"145,556",0.030867129,0.169694138
MONTANA,1991,"24,700",809680,"145,556",0.030505879,0.169694138
MONTANA,1992,"24,300",825770,"145,556",0.02942708,0.166946055
MONTANA,1993,"25,000",844761,"145,556",0.029594169,0.171755201
MONTANA,1994,"26,000",861306,"145,556",0.030186716,0.178625409
MONTANA,1995,"26,000",876553,"145,556",0.029661641,0.178625409
MONTANA,1996,"26,500",886254,"145,556",0.029901134,0.182060513
MONTANA,1997,"27,632",889865,"145,556",0.031051901,0.189837588
MONTANA,1998,"27,500",892431,"145,556",0.030814707,0.188930721
MONTANA,1999,"27,800",897507,"145,556",0.030974689,0.190991783
MONTANA,2000,"27,800",903773,"145,556",0.030759936,0.190991783
MONTANA,2001,"27,800",906961,"145,556",0.030651814,0.190991783
MONTANA,2002,"27,870",911667,"145,556",0.030570373,0.191472698
MONTANA,2003,"28,000",919630,"145,556",0.030447028,0.192365825
MONTANA,2004,"28,000",930009,"145,556",0.030107236,0.192365825
MONTANA,2005,"28,000",940102,"145,556",0.029784002,0.192365825
MONTANA,2006,"28,100",952692,"145,556",0.029495367,0.193052846
MONTANA,2007,"29,524",964706,"145,556",0.030604143,0.202836022
MONTANA,2008,"29,300",976415,"145,556",0.030007732,0.201297095
MONTANA,2009,"29,500",983982,"145,556",0.029980223,0.202671137
MONTANA,2010,"29,100",990730,"145,556",0.029372281,0.199923054
MONTANA,2011,"28,700",997518,"145,556",0.028771411,0.19717497
MONTANA,2012,"28,008",1004168,"145,556",0.027891747,0.192420787
NEBRASKA,1989,"57,000",,"76,878",-1,0.741434481
NEBRASKA,1990,"57,000",1581660,"76,878",0.036038087,0.741434481
NEBRASKA,1991,"56,000",1595919,"76,878",0.0350895,0.728426858
NEBRASKA,1992,"56,000",1611687,"76,878",0.034746201,0.728426858
NEBRASKA,1993,"56,000",1625590,"76,878",0.034449031,0.728426858
NEBRASKA,1994,"56,000",1639041,"76,878",0.03416632,0.728426858
NEBRASKA,1995,"56,000",1656992,"76,878",0.03379618,0.728426858
NEBRASKA,1996,"56,000",1673740,"76,878",0.033458004,0.728426858
NEBRASKA,1997,"54,539",1686418,"76,878",0.032340143,0.709422722
NEBRASKA,1998,"55,000",1695816,"76,878",0.032432764,0.715419236
NEBRASKA,1999,"54,000",1704764,"76,878",0.031675939,0.702411613
NEBRASKA,2000,"52,000",1713820,"76,878",0.030341576,0.676396368
NEBRASKA,2001,"50,000",1719836,"76,878",0.029072539,0.650381123
NEBRASKA,2002,"49,355",1728292,"76,878",0.028557096,0.641991207
NEBRASKA,2003,"48,500",1738643,"76,878",0.027895318,0.63086969
NEBRASKA,2004,"48,300",1749370,"76,878",0.02760994,0.628268165
NEBRASKA,2005,"48,000",1761497,"76,878",0.02724955,0.624365878
NEBRASKA,2006,"47,600",1772693,"76,878",0.026851801,0.619162829
NEBRASKA,2007,"47,712",1783440,"76,878",0.026752792,0.620619683
NEBRASKA,2008,"48,200",1796378,"76,878",0.026831769,0.626967403
NEBRASKA,2009,"48,600",1812683,"76,878",0.026811086,0.632170452
NEBRASKA,2010,"49,500",1829591,"76,878",0.027055227,0.643877312
NEBRASKA,2011,"49,700",1840914,"76,878",0.026997459,0.646478837
NEBRASKA,2012,"49,969",1853691,"76,878",0.026956488,0.649977887
NEVADA,1989,"2,500",,"109,806",-1,0.022767426
NEVADA,1990,"2,500",1220695,"109,806",0.002048014,0.022767426
NEVADA,1991,"2,500",1296171,"109,806",0.001928758,0.022767426
NEVADA,1992,"2,500",1351367,"109,806",0.001849979,0.022767426
NEVADA,1993,"3,100",1411215,"109,806",0.002196689,0.028231608
NEVADA,1994,"3,100",1499298,"109,806",0.002067634,0.028231608
NEVADA,1995,"3,000",1581578,"109,806",0.00189684,0.027320911
NEVADA,1996,"3,000",1666320,"109,806",0.001800374,0.027320911
NEVADA,1997,"3,198",1764104,"109,806",0.001812818,0.029124092
NEVADA,1998,"3,150",1853191,"109,806",0.001699771,0.028686957
NEVADA,1999,"3,150",1934718,"109,806",0.001628144,0.028686957
NEVADA,2000,"3,100",2018741,"109,806",0.001535611,0.028231608
NEVADA,2001,"3,050",2098399,"109,806",0.001453489,0.02777626
NEVADA,2002,"2,989",2173791,"109,806",0.001375017,0.027220735
NEVADA,2003,"3,000",2248850,"109,806",0.001334015,0.027320911
NEVADA,2004,"3,000",2346222,"109,806",0.001278651,0.027320911
NEVADA,2005,"3,000",2432143,"109,806",0.00123348,0.027320911
NEVADA,2006,"3,000",2522658,"109,806",0.001189222,0.027320911
NEVADA,2007,"3,131",2601072,"109,806",0.001203734,0.028513925
NEVADA,2008,"3,300",2653630,"109,806",0.00124358,0.030053003
NEVADA,2009,"3,500",2684665,"109,806",0.001303701,0.031874397
NEVADA,2010,"3,750",2702483,"109,806",0.001387613,0.034151139
NEVADA,2011,"3,900",2713114,"109,806",0.001437463,0.035517185
NEVADA,2012,"4,137",2744670,"109,806",0.001507285,0.037675537
NEW HAMPSHIRE,1989,"3,000",,"8,969",-1,0.33448545
NEW HAMPSHIRE,1990,"2,700",1112384,"8,969",0.002427219,0.301036905
NEW HAMPSHIRE,1991,"2,700",1109929,"8,969",0.002432588,0.301036905
NEW HAMPSHIRE,1992,"2,700",1117784,"8,969",0.002415494,0.301036905
NEW HAMPSHIRE,1993,"2,700",1129458,"8,969",0.002390527,0.301036905
NEW HAMPSHIRE,1994,"2,700",1142560,"8,969",0.002363114,0.301036905
NEW HAMPSHIRE,1995,"2,800",1157561,"8,969",0.002418879,0.31218642
NEW HAMPSHIRE,1996,"2,900",1174719,"8,969",0.002468675,0.323335935
NEW HAMPSHIRE,1997,"3,928",1189425,"8,969",0.003302436,0.437952949
NEW HAMPSHIRE,1998,"3,200",1205940,"8,969",0.002653532,0.35678448
NEW HAMPSHIRE,1999,"3,300",1222014,"8,969",0.00270046,0.367933995
NEW HAMPSHIRE,2000,"3,300",1239882,"8,969",0.002661544,0.367933995
NEW HAMPSHIRE,2001,"3,300",1255517,"8,969",0.002628399,0.367933995
NEW HAMPSHIRE,2002,"3,363",1269089,"8,969",0.002649932,0.374958189
NEW HAMPSHIRE,2003,"3,400",1279840,"8,969",0.002656582,0.37908351
NEW HAMPSHIRE,2004,"3,400",1290121,"8,969",0.002635412,0.37908351
NEW HAMPSHIRE,2005,"3,400",1298492,"8,969",0.002618422,0.37908351
NEW HAMPSHIRE,2006,"3,400",1308389,"8,969",0.002598616,0.37908351
NEW HAMPSHIRE,2007,"4,166",1312540,"8,969",0.003173999,0.464488795
NEW HAMPSHIRE,2008,"4,200",1315906,"8,969",0.003191717,0.46827963
NEW HAMPSHIRE,2009,"4,250",1316102,"8,969",0.003229233,0.473854387
NEW HAMPSHIRE,2010,"4,300",1316807,"8,969",0.003265475,0.479429145
NEW HAMPSHIRE,2011,"4,300",1320444,"8,969",0.00325648,0.479429145
NEW HAMPSHIRE,2012,"4,391",1324677,"8,969",0.00331477,0.489575203
NEW JERSEY,1989,"8,300",,"7,419",-1,1.118749158
NEW JERSEY,1990,"8,100",7762963,"7,419",0.001043416,1.091791347
NEW JERSEY,1991,"8,500",7814676,"7,419",0.001087697,1.145706969
NEW JERSEY,1992,"9,000",7880508,"7,419",0.001142058,1.213101496
NEW JERSEY,1993,"9,400",7948915,"7,419",0.001182551,1.267017118
NEW JERSEY,1994,"9,400",8014306,"7,419",0.001172903,1.267017118
NEW JERSEY,1995,"9,500",8083242,"7,419",0.001175271,1.280496024
NEW JERSEY,1996,"9,500",8149596,"7,419",0.001165702,1.280496024
NEW JERSEY,1997,"10,045",8218808,"7,419",0.001222197,1.353956059
NEW JERSEY,1998,"9,600",8287418,"7,419",0.001158383,1.293974929
NEW JERSEY,1999,"9,600",8359592,"7,419",0.001148381,1.293974929
NEW JERSEY,2000,"9,700",8430621,"7,419",0.001150568,1.307453835
NEW JERSEY,2001,"9,800",8492671,"7,419",0.001153936,1.32093274
NEW JERSEY,2002,"9,924",8552643,"7,419",0.001160343,1.337646583
NEW JERSEY,2003,"9,900",8601402,"7,419",0.001150975,1.334411646
NEW JERSEY,2004,"9,900",8634561,"7,419",0.001146555,1.334411646
NEW JERSEY,2005,"9,800",8651974,"7,419",0.001132689,1.32093274
NEW JERSEY,2006,"9,800",8661679,"7,419",0.00113142,1.32093274
NEW JERSEY,2007,"10,327",8677885,"7,419",0.001190037,1.391966572
NEW JERSEY,2008,"10,000",8711090,"7,419",0.001147962,1.347890551
NEW JERSEY,2009,"9,800",8755602,"7,419",0.001119283,1.32093274
NEW JERSEY,2010,"9,600",8799451,"7,419",0.001090977,1.293974929
NEW JERSEY,2011,"9,400",8828552,"7,419",0.001064727,1.267017118
NEW JERSEY,2012,"9,071",8845671,"7,419",0.001025473,1.222671519
NEW MEXICO,1989,"14,000",,"121,365",-1,0.115354509
NEW MEXICO,1990,"13,500",1521574,"121,365",0.008872391,0.111234705
NEW MEXICO,1991,"13,500",1555305,"121,365",0.00867997,0.111234705
NEW MEXICO,1992,"13,500",1595442,"121,365",0.008461605,0.111234705
NEW MEXICO,1993,"15,000",1636453,"121,365",0.009166166,0.123594117
NEW MEXICO,1994,"15,000",1682398,"121,365",0.008915845,0.123594117
NEW MEXICO,1995,"15,000",1720394,"121,365",0.008718933,0.123594117
NEW MEXICO,1996,"15,500",1752326,"121,365",0.008845386,0.127713921
NEW MEXICO,1997,"17,876",1774839,"121,365",0.010071899,0.147291229
NEW MEXICO,1998,"18,500",1793484,"121,365",0.010315119,0.152432744
NEW MEXICO,1999,"18,000",1808082,"121,365",0.009955301,0.14831294
NEW MEXICO,2000,"18,000",1821204,"121,365",0.009883572,0.14831294
NEW MEXICO,2001,"17,800",1831690,"121,365",0.009717802,0.146665019
NEW MEXICO,2002,"15,170",1855309,"121,365",0.008176536,0.12499485
NEW MEXICO,2003,"17,500",1877574,"121,365",0.009320538,0.144193136
NEW MEXICO,2004,"17,500",1903808,"121,365",0.009192103,0.144193136
NEW MEXICO,2005,"17,500",1932274,"121,365",0.009056687,0.144193136
NEW MEXICO,2006,"17,500",1962137,"121,365",0.008918847,0.144193136
NEW MEXICO,2007,"20,930",1990070,"121,365",0.010517218,0.172454991
NEW MEXICO,2008,"20,900",2010662,"121,365",0.010394586,0.172207803
NEW MEXICO,2009,"21,200",2036802,"121,365",0.010408474,0.174679685
NEW MEXICO,2010,"22,000",2064614,"121,365",0.010655745,0.181271371
NEW MEXICO,2011,"23,800",2080707,"121,365",0.01143842,0.196102666
NEW MEXICO,2012,"24,721",2087715,"121,365",0.011841176,0.203691344
NEW YORK,1989,"39,000",,"47,224",-1,0.825851262
NEW YORK,1990,"38,500",18020784,"47,224",0.002136422,0.815263425
NEW YORK,1991,"38,000",18122510,"47,224",0.00209684,0.804675589
NEW YORK,1992,"38,000",18246653,"47,224",0.002082574,0.804675589
NEW YORK,1993,"38,500",18374954,"47,224",0.002095243,0.815263425
NEW YORK,1994,"38,500",18459470,"47,224",0.00208565,0.815263425
NEW YORK,1995,"38,000",18524104,"47,224",0.002051381,0.804675589
NEW YORK,1996,"38,000",18588460,"47,224",0.002044279,0.804675589
NEW YORK,1997,"38,264",18656546,"47,224",0.002050969,0.810265966
NEW YORK,1998,"37,500",18755906,"47,224",0.00199937,0.794087752
NEW YORK,1999,"37,500",18882725,"47,224",0.001985942,0.794087752
NEW YORK,2000,"37,500",19001780,"47,224",0.001973499,0.794087752
NEW YORK,2001,"37,500",19082838,"47,224",0.001965117,0.794087752
NEW YORK,2002,"37,255",19137800,"47,224",0.001946671,0.788899712
NEW YORK,2003,"37,000",19175939,"47,224",0.001929501,0.783499915
NEW YORK,2004,"36,000",19171567,"47,224",0.001877781,0.762324242
NEW YORK,2005,"35,600",19132610,"47,224",0.001860698,0.753853973
NEW YORK,2006,"35,000",19104631,"47,224",0.001832017,0.741148569
NEW YORK,2007,"36,352",19132335,"47,224",0.001900029,0.769778079
NEW YORK,2008,"36,500",19212436,"47,224",0.001899811,0.772912079
NEW YORK,2009,"36,400",19307066,"47,224",0.00188532,0.770794511
NEW YORK,2010,"36,000",19399956,"47,224",0.001855674,0.762324242
NEW YORK,2011,"35,800",19499921,"47,224",0.001835905,0.758089107
NEW YORK,2012,"35,537",19574362,"47,224",0.001815487,0.752519905
NORTH CAROLINA,1989,"65,000",,"48,718",-1,1.334209122
NORTH CAROLINA,1990,"62,000",6664016,"48,718",0.009303699,1.272630239
NORTH CAROLINA,1991,"60,000",6784280,"48,718",0.008843975,1.231577651
NORTH CAROLINA,1992,"60,000",6897214,"48,718",0.008699165,1.231577651
NORTH CAROLINA,1993,"60,000",7042818,"48,718",0.008519317,1.231577651
NORTH CAROLINA,1994,"59,500",7187398,"48,718",0.008278378,1.221314504
NORTH CAROLINA,1995,"59,500",7344674,"48,718",0.008101108,1.221314504
NORTH CAROLINA,1996,"59,000",7500670,"48,718",0.007865964,1.211051357
NORTH CAROLINA,1997,"59,120",7656825,"48,718",0.007721216,1.213514512
NORTH CAROLINA,1998,"58,000",7809121,"48,718",0.007427212,1.190525063
NORTH CAROLINA,1999,"58,000",7949361,"48,718",0.007296184,1.190525063
NORTH CAROLINA,2000,"55,500",8081614,"48,718",0.00686744,1.139209327
NORTH CAROLINA,2001,"55,000",8210122,"48,718",0.006699048,1.12894618
NORTH CAROLINA,2002,"53,930",8326201,"48,718",0.006477144,1.106983045
NORTH CAROLINA,2003,"53,500",8422501,"48,718",0.006352032,1.098156739
NORTH CAROLINA,2004,"52,000",8553152,"48,718",0.00607963,1.067367298
NORTH CAROLINA,2005,"49,000",8705407,"48,718",0.005628686,1.005788415
NORTH CAROLINA,2006,"48,000",8917270,"48,718",0.005382813,0.985262121
NORTH CAROLINA,2007,"52,913",9118037,"48,718",0.005803113,1.086107804
NORTH CAROLINA,2008,"52,500",9309449,"48,718",0.005639432,1.077630445
NORTH CAROLINA,2009,"52,400",9449566,"48,718",0.005545228,1.075577815
NORTH CAROLINA,2010,"51,500",9574586,"48,718",0.005378823,1.05710415
NORTH CAROLINA,2011,"50,800",9658913,"48,718",0.005259391,1.042735744
NORTH CAROLINA,2012,"50,218",9751810,"48,718",0.005149608,1.030789441
NORTH DAKOTA,1989,"33,500",,"68,994",-1,0.485549468
NORTH DAKOTA,1990,"33,500",637685,"68,994",0.052533775,0.485549468
NORTH DAKOTA,1991,"33,000",635753,"68,994",0.051906951,0.478302461
NORTH DAKOTA,1992,"33,000",638223,"68,994",0.051706065,0.478302461
NORTH DAKOTA,1993,"33,000",641216,"68,994",0.051464717,0.478302461
NORTH DAKOTA,1994,"32,500",644804,"68,994",0.050402913,0.471055454
NORTH DAKOTA,1995,"32,500",647832,"68,994",0.050167327,0.471055454
NORTH DAKOTA,1996,"32,000",650382,"68,994",0.049201854,0.463808447
NORTH DAKOTA,1997,"32,348",649716,"68,994",0.049787907,0.468852364
NORTH DAKOTA,1998,"31,200",647532,"68,994",0.048182947,0.452213236
NORTH DAKOTA,1999,"31,000",644259,"68,994",0.048117294,0.449314433
NORTH DAKOTA,2000,"30,800",642023,"68,994",0.047973359,0.44641563
NORTH DAKOTA,2001,"30,600",639062,"68,994",0.047882678,0.443516828
NORTH DAKOTA,2002,"30,619",638168,"68,994",0.047979529,0.443792214
NORTH DAKOTA,2003,"30,300",638817,"68,994",0.047431424,0.439168623
NORTH DAKOTA,2004,"30,300",644705,"68,994",0.04699824,0.439168623
NORTH DAKOTA,2005,"30,300",646089,"68,994",0.046897564,0.439168623
NORTH DAKOTA,2006,"30,300",649422,"68,994",0.046656873,0.439168623
NORTH DAKOTA,2007,"31,970",652822,"68,994",0.048972002,0.463373627
NORTH DAKOTA,2008,"31,800",657569,"68,994",0.048359944,0.460909644
NORTH DAKOTA,2009,"31,600",664968,"68,994",0.047521084,0.458010842
NORTH DAKOTA,2010,"31,300",674752,"68,994",0.046387413,0.453662637
NORTH DAKOTA,2011,"31,100",685526,"68,994",0.045366624,0.450763835
NORTH DAKOTA,2012,"30,961",702227,"68,994",0.044089732,0.448749167
OHIO,1989,"85,000",,"40,953",-1,2.075550021
OHIO,1990,"83,000",10864162,"40,953",0.007639798,2.02671355
OHIO,1991,"80,000",10945762,"40,953",0.007308765,1.953458843
OHIO,1992,"78,000",11029431,"40,953",0.007071988,1.904622372
OHIO,1993,"81,000",11101140,"40,953",0.007296548,1.977877079
OHIO,1994,"80,000",11152454,"40,953",0.007173309,1.953458843
OHIO,1995,"79,000",11202751,"40,953",0.007051839,1.929040608
OHIO,1996,"78,000",11242827,"40,953",0.006937757,1.904622372
OHIO,1997,"78,737",11277357,"40,953",0.006981866,1.922618612
OHIO,1998,"79,000",11311536,"40,953",0.006984021,1.929040608
OHIO,1999,"79,000",11335454,"40,953",0.006969284,1.929040608
OHIO,2000,"79,000",11363543,"40,953",0.006952057,1.929040608
OHIO,2001,"78,000",11387404,"40,953",0.006849674,1.904622372
OHIO,2002,"77,797",11407889,"40,953",0.006819579,1.89966547
OHIO,2003,"77,600",11434788,"40,953",0.006786309,1.894855078
OHIO,2004,"77,200",11452251,"40,953",0.006741033,1.885087784
OHIO,2005,"76,500",11463320,"40,953",0.006673459,1.867995019
OHIO,2006,"76,200",11481213,"40,953",0.006636929,1.860669548
OHIO,2007,"75,861",11500468,"40,953",0.00659634,1.852391766
OHIO,2008,"75,300",11515391,"40,953",0.006539075,1.838693136
OHIO,2009,"75,100",11528896,"40,953",0.006514067,1.833809489
OHIO,2010,"75,400",11539449,"40,953",0.006534107,1.84113496
OHIO,2011,"75,300",11545735,"40,953",0.006521889,1.838693136
OHIO,2012,"75,462",11550971,"40,953",0.006532957,1.84264889
OKLAHOMA,1989,"70,000",,"68,679",-1,1.019234409
OKLAHOMA,1990,"70,000",3148825,"68,679",0.022230515,1.019234409
OKLAHOMA,1991,"70,000",3175440,"68,679",0.022044189,1.019234409
OKLAHOMA,1992,"71,000",3220517,"68,679",0.02204615,1.033794901
OKLAHOMA,1993,"79,000",3252285,"68,679",0.024290614,1.150278833
OKLAHOMA,1994,"80,000",3280940,"68,679",0.024383256,1.164839325
OKLAHOMA,1995,"81,000",3308208,"68,679",0.024484555,1.179399817
OKLAHOMA,1996,"82,000",3340129,"68,679",0.02454995,1.193960308
OKLAHOMA,1997,"84,028",3372917,"68,679",0.024912561,1.223488985
OKLAHOMA,1998,"83,000",3405194,"68,679",0.024374529,1.2085208
OKLAHOMA,1999,"84,000",3437147,"68,679",0.024438873,1.223081291
OKLAHOMA,2000,"84,500",3454365,"68,679",0.024461804,1.230361537
OKLAHOMA,2001,"84,000",3467100,"68,679",0.024227741,1.223081291
OKLAHOMA,2002,"83,300",3489080,"68,679",0.023874488,1.212888947
OKLAHOMA,2003,"83,500",3504892,"68,679",0.023823844,1.215801045
OKLAHOMA,2004,"83,500",3525233,"68,679",0.023686378,1.215801045
OKLAHOMA,2005,"83,000",3548597,"68,679",0.023389525,1.2085208
OKLAHOMA,2006,"83,000",3594090,"68,679",0.023093467,1.2085208
OKLAHOMA,2007,"86,565",3634349,"68,679",0.023818571,1.260428952
OKLAHOMA,2008,"85,500",3668976,"68,679",0.023303505,1.244922029
OKLAHOMA,2009,"84,300",3717572,"68,679",0.022676091,1.227449439
OKLAHOMA,2010,"83,200",3760014,"68,679",0.022127577,1.211432898
OKLAHOMA,2011,"81,500",3788824,"68,679",0.021510632,1.186680062
OKLAHOMA,2012,"80,245",3819320,"68,679",0.021010285,1.168406645
OREGON,1989,"37,000",,"96,003",-1,0.385404623
OREGON,1990,"36,500",2860375,"96,003",0.012760565,0.380196452
OREGON,1991,"37,000",2928507,"96,003",0.012634424,0.385404623
OREGON,1992,"37,500",2991755,"96,003",0.012534449,0.390612793
OREGON,1993,"37,500",3060367,"96,003",0.012253432,0.390612793
OREGON,1994,"38,000",3121264,"96,003",0.012174555,0.395820964
OREGON,1995,"38,500",3184369,"96,003",0.012090307,0.401029135
OREGON,1996,"38,500",3247111,"96,003",0.011856694,0.401029135
OREGON,1997,"39,975",3304310,"96,003",0.012097836,0.416393238
OREGON,1998,"39,500",3352449,"96,003",0.011782431,0.411445476
OREGON,1999,"40,000",3393941,"96,003",0.011785709,0.416653646
OREGON,2000,"40,000",3429708,"96,003",0.0116628,0.416653646
OREGON,2001,"40,000",3467937,"96,003",0.011534235,0.416653646
OREGON,2002,"40,033",3513424,"96,003",0.011394298,0.416997385
OREGON,2003,"40,000",3547376,"96,003",0.01127594,0.416653646
OREGON,2004,"40,000",3569463,"96,003",0.011206167,0.416653646
OREGON,2005,"40,000",3613202,"96,003",0.011070513,0.416653646
OREGON,2006,"39,300",3670883,"96,003",0.010705871,0.409362207
OREGON,2007,"38,553",3722417,"96,003",0.01035698,0.401581201
OREGON,2008,"38,000",3768748,"96,003",0.010082924,0.395820964
OREGON,2009,"37,500",3808600,"96,003",0.009846138,0.390612793
OREGON,2010,"36,900",3837614,"96,003",0.00961535,0.384362989
OREGON,2011,"36,200",3872672,"96,003",0.009347551,0.37707155
OREGON,2012,"35,439",3900102,"96,003",0.009086685,0.369144714
PENNSYLVANIA,1989,"54,000",,"44,820",-1,1.204819277
PENNSYLVANIA,1990,"53,000",11903299,"44,820",0.004452547,1.182507809
PENNSYLVANIA,1991,"53,000",11982164,"44,820",0.004423241,1.182507809
PENNSYLVANIA,1992,"52,000",12049450,"44,820",0.00431555,1.160196341
PENNSYLVANIA,1993,"57,000",12119724,"44,820",0.004703077,1.271753681
PENNSYLVANIA,1994,"58,000",12166050,"44,820",0.004767365,1.294065149
PENNSYLVANIA,1995,"59,000",12198403,"44,820",0.004836699,1.316376618
PENNSYLVANIA,1996,"59,000",12220464,"44,820",0.004827967,1.316376618
PENNSYLVANIA,1997,"60,222",12227814,"44,820",0.004925001,1.343641232
PENNSYLVANIA,1998,"60,000",12245672,"44,820",0.00489969,1.338688086
PENNSYLVANIA,1999,"59,300",12263805,"44,820",0.004835367,1.323070058
PENNSYLVANIA,2000,"59,000",12284173,"44,820",0.004802928,1.316376618
PENNSYLVANIA,2001,"58,500",12298970,"44,820",0.004756496,1.305220884
PENNSYLVANIA,2002,"58,105",12331031,"44,820",0.004712096,1.296407854
PENNSYLVANIA,2003,"58,200",12374658,"44,820",0.00470316,1.298527443
PENNSYLVANIA,2004,"58,200",12410722,"44,820",0.004689493,1.298527443
PENNSYLVANIA,2005,"58,200",12449990,"44,820",0.004674703,1.298527443
PENNSYLVANIA,2006,"58,200",12510809,"44,820",0.004651977,1.298527443
PENNSYLVANIA,2007,"63,163",12563937,"44,820",0.005027325,1.409259259
PENNSYLVANIA,2008,"62,400",12612285,"44,820",0.004947557,1.392235609
PENNSYLVANIA,2009,"61,600",12666858,"44,820",0.004863084,1.374386435
PENNSYLVANIA,2010,"60,800",12711406,"44,820",0.004783106,1.35653726
PENNSYLVANIA,2011,"60,000",12747052,"44,820",0.004706971,1.338688086
PENNSYLVANIA,2012,"59,309",12769123,"44,820",0.00464472,1.323270861
RHODE ISLAND,1989,770,,"1,034",-1,0.744680851
RHODE ISLAND,1990,740,1005995,"1,034",0.00073559,0.715667311
RHODE ISLAND,1991,700,1010649,"1,034",0.000692624,0.676982592
RHODE ISLAND,1992,700,1012581,"1,034",0.000691303,0.676982592
RHODE ISLAND,1993,750,1015112,"1,034",0.000738835,0.725338491
RHODE ISLAND,1994,750,1015960,"1,034",0.000738218,0.725338491
RHODE ISLAND,1995,750,1017002,"1,034",0.000737462,0.725338491
RHODE ISLAND,1996,750,1020893,"1,034",0.000734651,0.725338491
RHODE ISLAND,1997,994,1025353,"1,034",0.000969422,0.96131528
RHODE ISLAND,1998,800,1031155,"1,034",0.000775829,0.773694391
RHODE ISLAND,1999,800,1040402,"1,034",0.000768934,0.773694391
RHODE ISLAND,2000,800,1050268,"1,034",0.00076171,0.773694391
RHODE ISLAND,2001,830,1057142,"1,034",0.000785136,0.80270793
RHODE ISLAND,2002,858,1065995,"1,034",0.000804882,0.829787234
RHODE ISLAND,2003,850,1071342,"1,034",0.000793397,0.82205029
RHODE ISLAND,2004,850,1074579,"1,034",0.000791007,0.82205029
RHODE ISLAND,2005,850,1067916,"1,034",0.000795943,0.82205029
RHODE ISLAND,2006,850,1063096,"1,034",0.000799551,0.82205029
RHODE ISLAND,2007,"1,219",1057315,"1,034",0.00115292,1.178916828
RHODE ISLAND,2008,"1,200",1055003,"1,034",0.001137438,1.160541586
RHODE ISLAND,2009,"1,250",1053646,"1,034",0.001186357,1.208897485
RHODE ISLAND,2010,"1,250",1053994,"1,034",0.001185965,1.208897485
RHODE ISLAND,2011,"1,250",1053829,"1,034",0.001186151,1.208897485
RHODE ISLAND,2012,"1,243",1054893,"1,034",0.001178319,1.20212766
SOUTH CAROLINA,1989,"25,500",,"30,111",-1,0.846866594
SOUTH CAROLINA,1990,"25,000",3501155,"30,111",0.007140501,0.830261366
SOUTH CAROLINA,1991,"24,500",3570404,"30,111",0.006861969,0.813656139
SOUTH CAROLINA,1992,"24,500",3620464,"30,111",0.006767088,0.813656139
SOUTH CAROLINA,1993,"25,000",3663314,"30,111",0.006824422,0.830261366
SOUTH CAROLINA,1994,"25,000",3705397,"30,111",0.006746915,0.830261366
SOUTH CAROLINA,1995,"25,000",3748582,"30,111",0.006669189,0.830261366
SOUTH CAROLINA,1996,"25,000",3796200,"30,111",0.006585533,0.830261366
SOUTH CAROLINA,1997,"25,807",3859696,"30,111",0.006686278,0.857062203
SOUTH CAROLINA,1998,"25,000",3919235,"30,111",0.006378796,0.830261366
SOUTH CAROLINA,1999,"25,000",3974682,"30,111",0.006289811,0.830261366
SOUTH CAROLINA,2000,"24,200",4024223,"30,111",0.006013583,0.803693003
SOUTH CAROLINA,2001,"24,400",4064995,"30,111",0.006002467,0.810335093
SOUTH CAROLINA,2002,"24,541",4107795,"30,111",0.005974251,0.815017768
SOUTH CAROLINA,2003,"24,400",4150297,"30,111",0.005879097,0.810335093
SOUTH CAROLINA,2004,"24,400",4210921,"30,111",0.005794457,0.810335093
SOUTH CAROLINA,2005,"24,500",4270150,"30,111",0.005737503,0.813656139
SOUTH CAROLINA,2006,"24,600",4357847,"30,111",0.005644989,0.816977184
SOUTH CAROLINA,2007,"25,867",4444110,"30,111",0.005820513,0.85905483
SOUTH CAROLINA,2008,"26,600",4528996,"30,111",0.005873266,0.883398094
SOUTH CAROLINA,2009,"26,500",4589872,"30,111",0.005773581,0.880077048
SOUTH CAROLINA,2010,"26,000",4635846,"30,111",0.005608469,0.863471821
SOUTH CAROLINA,2011,"25,900",4672655,"30,111",0.005542887,0.860150775
SOUTH CAROLINA,2012,"25,266",4719027,"30,111",0.00535407,0.839095347
SOUTH DAKOTA,1989,"35,000",,"75,898",-1,0.461145221
SOUTH DAKOTA,1990,"35,000",697101,"75,898",0.050207933,0.461145221
SOUTH DAKOTA,1991,"35,000",703669,"75,898",0.049739295,0.461145221
SOUTH DAKOTA,1992,"35,000",712801,"75,898",0.049102064,0.461145221
SOUTH DAKOTA,1993,"34,500",722159,"75,898",0.047773413,0.454557432
SOUTH DAKOTA,1994,"34,000",730790,"75,898",0.046524994,0.447969643
SOUTH DAKOTA,1995,"33,000",737925,"75,898",0.044719992,0.434794066
SOUTH DAKOTA,1996,"32,500",742213,"75,898",0.043787969,0.428206277
SOUTH DAKOTA,1997,"33,191",744223,"75,898",0.044598192,0.437310601
SOUTH DAKOTA,1998,"32,500",746058,"75,898",0.043562297,0.428206277
SOUTH DAKOTA,1999,"32,500",750412,"75,898",0.043309542,0.428206277
SOUTH DAKOTA,2000,"32,400",755844,"75,898",0.042865988,0.426888719
SOUTH DAKOTA,2001,"32,000",757972,"75,898",0.042217918,0.421618488
SOUTH DAKOTA,2002,"31,736",760020,"75,898",0.041756796,0.418140135
SOUTH DAKOTA,2003,"31,600",763729,"75,898",0.041375933,0.416348257
SOUTH DAKOTA,2004,"31,600",770396,"75,898",0.041017866,0.416348257
SOUTH DAKOTA,2005,"31,400",775493,"75,898",0.040490372,0.413713141
SOUTH DAKOTA,2006,"31,300",783033,"75,898",0.039972773,0.412395584
SOUTH DAKOTA,2007,"31,169",791623,"75,898",0.03937354,0.410669583
SOUTH DAKOTA,2008,"31,400",799124,"75,898",0.039293026,0.413713141
SOUTH DAKOTA,2009,"31,800",807067,"75,898",0.039401933,0.418983372
SOUTH DAKOTA,2010,"31,900",816193,"75,898",0.039083893,0.42030093
SOUTH DAKOTA,2011,"32,000",823740,"75,898",0.038847209,0.421618488
SOUTH DAKOTA,2012,"31,989",833859,"75,898",0.038362601,0.421473557
TENNESSEE,1989,"89,000",,"41,220",-1,2.159146046
TENNESSEE,1990,"87,000",4894492,"41,220",0.017775083,2.11062591
TENNESSEE,1991,"85,000",4966587,"41,220",0.017114368,2.062105774
TENNESSEE,1992,"85,000",5049742,"41,220",0.016832543,2.062105774
TENNESSEE,1993,"93,000",5137584,"41,220",0.018101894,2.256186317
TENNESSEE,1994,"93,000",5231438,"41,220",0.017777139,2.256186317
TENNESSEE,1995,"92,000",5326936,"41,220",0.017270716,2.231926249
TENNESSEE,1996,"91,000",5416643,"41,220",0.016800073,2.207666181
TENNESSEE,1997,"91,536",5499233,"41,220",0.01664523,2.220669578
TENNESSEE,1998,"90,000",5570045,"41,220",0.016157859,2.183406114
TENNESSEE,1999,"89,000",5638706,"41,220",0.015783763,2.159146046
TENNESSEE,2000,"88,000",5703719,"41,220",0.01542853,2.134885978
TENNESSEE,2001,"88,000",5750789,"41,220",0.015302248,2.134885978
TENNESSEE,2002,"87,595",5795918,"41,220",0.015113223,2.12506065
TENNESSEE,2003,"87,000",5847812,"41,220",0.014877359,2.11062591
TENNESSEE,2004,"85,000",5910809,"41,220",0.014380434,2.062105774
TENNESSEE,2005,"83,000",5991057,"41,220",0.013853983,2.013585638
TENNESSEE,2006,"81,000",6088766,"41,220",0.013303188,1.965065502
TENNESSEE,2007,"79,280",6175727,"41,220",0.012837355,1.923338185
TENNESSEE,2008,"77,200",6247411,"41,220",0.012357119,1.872877244
TENNESSEE,2009,"75,200",6306019,"41,220",0.011925115,1.824357108
TENNESSEE,2010,"72,800",6355518,"41,220",0.011454613,1.766132945
TENNESSEE,2011,"70,600",6400298,"41,220",0.011030736,1.712760796
TENNESSEE,2012,"68,050",6455752,"41,220",0.010540987,1.650897623
TEXAS,1989,"194,000",,"261,914",-1,0.740701146
TEXAS,1990,"196,000",17056755,"261,914",0.011491049,0.74833724
TEXAS,1991,"197,000",17398005,"261,914",0.011323137,0.752155288
TEXAS,1992,"198,000",17759738,"261,914",0.011148813,0.755973335
TEXAS,1993,"218,000",18161612,"261,914",0.01200334,0.832334278
TEXAS,1994,"220,000",18564062,"261,914",0.011850855,0.839970372
TEXAS,1995,"222,000",18958751,"261,914",0.011709632,0.847606466
TEXAS,1996,"224,000",19340342,"261,914",0.011582008,0.855242561
TEXAS,1997,"228,173",19740317,"261,914",0.01155873,0.871175271
TEXAS,1998,"226,500",20157531,"261,914",0.011236495,0.864787678
TEXAS,1999,"227,500",20558220,"261,914",0.011066133,0.868605726
TEXAS,2000,"228,300",20944499,"261,914",0.010900237,0.871660163
TEXAS,2001,"228,600",21319622,"261,914",0.010722517,0.872805577
TEXAS,2002,"228,926",21690325,"261,914",0.010554291,0.874050261
TEXAS,2003,"229,000",22030931,"261,914",0.010394477,0.874332796
TEXAS,2004,"229,000",22394023,"261,914",0.010225943,0.874332796
TEXAS,2005,"230,000",22778123,"261,914",0.010097408,0.878150843
TEXAS,2006,"230,000",23359580,"261,914",0.009846067,0.878150843
TEXAS,2007,"247,437",23831983,"261,914",0.01038256,0.944726131
TEXAS,2008,"248,000",24309039,"261,914",0.010201966,0.946875692
TEXAS,2009,"248,500",24801761,"261,914",0.01001945,0.948784716
TEXAS,2010,"248,500",25241897,"261,914",0.009844743,0.948784716
TEXAS,2011,"248,500",25645504,"261,914",0.009689808,0.948784716
TEXAS,2012,"248,809",26084120,"261,914",0.009538716,0.949964492
UTAH,1989,"13,000",,"82,168",-1,0.158212443
UTAH,1990,"13,200",1731223,"82,168",0.007624668,0.16064648
UTAH,1991,"13,300",1779780,"82,168",0.007472834,0.161863499
UTAH,1992,"13,200",1836799,"82,168",0.007186415,0.16064648
UTAH,1993,"14,500",1898404,"82,168",0.007637995,0.176467725
UTAH,1994,"14,500",1960446,"82,168",0.007396276,0.176467725
UTAH,1995,"15,000",2014177,"82,168",0.00744721,0.182552819
UTAH,1996,"15,000",2067976,"82,168",0.007253469,0.182552819
UTAH,1997,"15,810",2119784,"82,168",0.007458307,0.192410671
UTAH,1998,"15,500",2165960,"82,168",0.00715618,0.188637913
UTAH,1999,"15,500",2203482,"82,168",0.007034321,0.188637913
UTAH,2000,"15,500",2244502,"82,168",0.006905764,0.188637913
UTAH,2001,"15,500",2283715,"82,168",0.006787187,0.188637913
UTAH,2002,"15,282",2324815,"82,168",0.006573426,0.185984812
UTAH,2003,"15,300",2360137,"82,168",0.006482675,0.186203875
UTAH,2004,"15,300",2401580,"82,168",0.006370806,0.186203875
UTAH,2005,"15,200",2457719,"82,168",0.006184596,0.184986856
UTAH,2006,"15,100",2525507,"82,168",0.005978997,0.183769837
UTAH,2007,"16,700",2597746,"82,168",0.00642865,0.203242138
UTAH,2008,"16,800",2663029,"82,168",0.006308606,0.204459157
UTAH,2009,"17,200",2723421,"82,168",0.006315586,0.209327232
UTAH,2010,"17,500",2775413,"82,168",0.006305368,0.212978288
UTAH,2011,"17,900",2814797,"82,168",0.006359251,0.217846364
UTAH,2012,"18,027",2854146,"82,168",0.006316075,0.219391977
VERMONT,1989,"6,600",,"9,249",-1,0.713590658
VERMONT,1990,"6,500",564798,"9,249",0.011508539,0.702778679
VERMONT,1991,"6,400",568606,"9,249",0.011255597,0.691966699
VERMONT,1992,"6,400",572751,"9,249",0.01117414,0.691966699
VERMONT,1993,"6,400",577748,"9,249",0.011077494,0.691966699
VERMONT,1994,"6,400",583836,"9,249",0.010961982,0.691966699
VERMONT,1995,"6,400",589002,"9,249",0.010865837,0.691966699
VERMONT,1996,"6,500",593701,"9,249",0.010948272,0.702778679
VERMONT,1997,"7,063",597239,"9,249",0.011826086,0.763650124
VERMONT,1998,"6,700",600416,"9,249",0.01115893,0.724402638
VERMONT,1999,"6,700",604683,"9,249",0.011080186,0.724402638
VERMONT,2000,"6,600",609618,"9,249",0.010826452,0.713590658
VERMONT,2001,"6,600",612223,"9,249",0.010780386,0.713590658
VERMONT,2002,"6,571",615442,"9,249",0.010676879,0.710455184
VERMONT,2003,"6,500",617858,"9,249",0.010520217,0.702778679
VERMONT,2004,"6,400",619920,"9,249",0.010323913,0.691966699
VERMONT,2005,"6,300",621215,"9,249",0.010141416,0.681154719
VERMONT,2006,"6,300",622892,"9,249",0.010114113,0.681154719
VERMONT,2007,"6,984",623481,"9,249",0.011201624,0.75510866
VERMONT,2008,"7,100",624151,"9,249",0.011375452,0.767650557
VERMONT,2009,"7,100",624817,"9,249",0.011363327,0.767650557
VERMONT,2010,"7,200",625886,"9,249",0.011503692,0.778462536
VERMONT,2011,"7,300",627197,"9,249",0.011639086,0.789274516
VERMONT,2012,"7,338",626361,"9,249",0.011715289,0.793383068
VIRGINIA,1989,"47,000",,"39,598",-1,1.186928633
VIRGINIA,1990,"46,000",6216884,"39,598",0.007399205,1.161674832
VIRGINIA,1991,"45,000",6301217,"39,598",0.007141478,1.136421031
VIRGINIA,1992,"45,000",6414307,"39,598",0.007015567,1.136421031
VIRGINIA,1993,"49,000",6509630,"39,598",0.00752731,1.237436234
VIRGINIA,1994,"49,000",6593139,"39,598",0.007431968,1.237436234
VIRGINIA,1995,"49,000",6670693,"39,598",0.007345564,1.237436234
VIRGINIA,1996,"49,000",6750884,"39,598",0.007258309,1.237436234
VIRGINIA,1997,"49,366",6829183,"39,598",0.007228683,1.246679125
VIRGINIA,1998,"49,000",6900918,"39,598",0.007100505,1.237436234
VIRGINIA,1999,"49,000",7000174,"39,598",0.006999826,1.237436234
VIRGINIA,2000,"48,500",7105817,"39,598",0.006825394,1.224809334
VIRGINIA,2001,"47,900",7198362,"39,598",0.006654292,1.209657053
VIRGINIA,2002,"47,606",7286873,"39,598",0.006533118,1.202232436
VIRGINIA,2003,"47,500",7366977,"39,598",0.006447692,1.199555533
VIRGINIA,2004,"47,500",7475575,"39,598",0.006354026,1.199555533
VIRGINIA,2005,"47,000",7577105,"39,598",0.006202897,1.186928633
VIRGINIA,2006,"46,800",7673725,"39,598",0.006098733,1.181877873
VIRGINIA,2007,"47,383",7751000,"39,598",0.006113147,1.196600838
VIRGINIA,2008,"46,900",7833496,"39,598",0.00598711,1.184403253
VIRGINIA,2009,"46,900",7925937,"39,598",0.005917281,1.184403253
VIRGINIA,2010,"46,500",8024004,"39,598",0.005795112,1.174301732
VIRGINIA,2011,"46,100",8102437,"39,598",0.005689646,1.164200212
VIRGINIA,2012,"46,030",8187456,"39,598",0.005622015,1.162432446
WASHINGTON,1989,"38,000",,"66,582",-1,0.570724821
WASHINGTON,1990,"37,000",4903043,"66,582",0.007546334,0.555705746
WASHINGTON,1991,"37,000",5025624,"66,582",0.00736227,0.555705746
WASHINGTON,1992,"37,000",5160757,"66,582",0.007169491,0.555705746
WASHINGTON,1993,"38,000",5278842,"66,582",0.007198548,0.570724821
WASHINGTON,1994,"38,000",5375161,"66,582",0.007069556,0.570724821
WASHINGTON,1995,"38,000",5481027,"66,582",0.006933007,0.570724821
WASHINGTON,1996,"39,000",5569753,"66,582",0.007002106,0.585743895
WASHINGTON,1997,"40,113",5674747,"66,582",0.007068685,0.602460124
WASHINGTON,1998,"39,000",5769562,"66,582",0.006759612,0.585743895
WASHINGTON,1999,"38,000",5842564,"66,582",0.006503994,0.570724821
WASHINGTON,2000,"37,000",5910512,"66,582",0.006260033,0.555705746
WASHINGTON,2001,"36,500",5985722,"66,582",0.006097844,0.548196209
WASHINGTON,2002,"35,939",6052349,"66,582",0.005938025,0.539770509
WASHINGTON,2003,"35,500",6104115,"66,582",0.005815749,0.533177135
WASHINGTON,2004,"35,000",6178645,"66,582",0.005664672,0.525667598
WASHINGTON,2005,"34,500",6257305,"66,582",0.005513556,0.518158061
WASHINGTON,2006,"34,000",6370753,"66,582",0.005336889,0.510648524
WASHINGTON,2007,"39,284",6461587,"66,582",0.006079621,0.590009312
WASHINGTON,2008,"39,100",6562231,"66,582",0.005958339,0.587245802
WASHINGTON,2009,"38,700",6667426,"66,582",0.005804339,0.581238172
WASHINGTON,2010,"38,200",6743009,"66,582",0.005665127,0.573728635
WASHINGTON,2011,"37,800",6827479,"66,582",0.005536451,0.567721006
WASHINGTON,2012,"37,249",6898599,"66,582",0.005399502,0.559445496
WEST VIRGINIA,1989,"21,000",,"24,087",-1,0.871839582
WEST VIRGINIA,1990,"20,500",1792548,"24,087",0.011436235,0.851081496
WEST VIRGINIA,1991,"20,000",1798735,"24,087",0.011118925,0.830323411
WEST VIRGINIA,1992,"20,000",1806451,"24,087",0.011071432,0.830323411
WEST VIRGINIA,1993,"21,000",1817539,"24,087",0.011554085,0.871839582
WEST VIRGINIA,1994,"21,000",1820421,"24,087",0.011535793,0.871839582
WEST VIRGINIA,1995,"21,000",1823700,"24,087",0.011515052,0.871839582
WEST VIRGINIA,1996,"21,000",1822808,"24,087",0.011520687,0.871839582
WEST VIRGINIA,1997,"21,531",1819113,"24,087",0.011835988,0.893884668
WEST VIRGINIA,1998,"21,000",1815609,"24,087",0.011566367,0.871839582
WEST VIRGINIA,1999,"21,000",1811799,"24,087",0.01159069,0.871839582
WEST VIRGINIA,2000,"20,800",1807021,"24,087",0.011510658,0.863536347
WEST VIRGINIA,2001,"20,800",1801481,"24,087",0.011546056,0.863536347
WEST VIRGINIA,2002,"20,812",1805414,"24,087",0.01152755,0.864034541
WEST VIRGINIA,2003,"20,800",1812295,"24,087",0.01147716,0.863536347
WEST VIRGINIA,2004,"20,800",1816438,"24,087",0.011450983,0.863536347
WEST VIRGINIA,2005,"20,800",1820492,"24,087",0.011425483,0.863536347
WEST VIRGINIA,2006,"21,200",1827912,"24,087",0.011597933,0.880142816
WEST VIRGINIA,2007,"23,618",1834052,"24,087",0.012877497,0.980528916
WEST VIRGINIA,2008,"23,000",1840310,"24,087",0.012497894,0.954871923
WEST VIRGINIA,2009,"23,200",1847775,"24,087",0.012555641,0.963175157
WEST VIRGINIA,2010,"22,400",1854265,"24,087",0.012080258,0.92996222
WEST VIRGINIA,2011,"21,900",1856606,"24,087",0.011795718,0.909204135
WEST VIRGINIA,2012,"21,489",1857446,"24,087",0.011569112,0.892140989
WISCONSIN,1989,"81,000",,"54,314",-1,1.491328203
WISCONSIN,1990,"80,000",4904562,"54,314",0.016311344,1.472916743
WISCONSIN,1991,"79,000",4964343,"54,314",0.015913485,1.454505284
WISCONSIN,1992,"79,000",5025398,"54,314",0.015720148,1.454505284
WISCONSIN,1993,"80,000",5084889,"54,314",0.01573289,1.472916743
WISCONSIN,1994,"80,000",5133678,"54,314",0.015583369,1.472916743
WISCONSIN,1995,"80,000",5184836,"54,314",0.015429611,1.472916743
WISCONSIN,1996,"79,000",5229986,"54,314",0.015105203,1.454505284
WISCONSIN,1997,"79,541",5266213,"54,314",0.015104023,1.464465884
WISCONSIN,1998,"78,000",5297672,"54,314",0.014723448,1.436093825
WISCONSIN,1999,"78,000",5332666,"54,314",0.01462683,1.436093825
WISCONSIN,2000,"77,500",5373999,"54,314",0.01442129,1.426888095
WISCONSIN,2001,"77,000",5406835,"54,314",0.014241234,1.417682366
WISCONSIN,2002,"77,131",5445162,"54,314",0.014165051,1.420094267
WISCONSIN,2003,"76,500",5479203,"54,314",0.013961885,1.408476636
WISCONSIN,2004,"76,500",5514026,"54,314",0.01387371,1.408476636
WISCONSIN,2005,"76,500",5546166,"54,314",0.013793312,1.408476636
WISCONSIN,2006,"76,000",5577655,"54,314",0.013625798,1.399270906
WISCONSIN,2007,"78,463",5610775,"54,314",0.013984343,1.44461833
WISCONSIN,2008,"76,400",5640996,"54,314",0.013543708,1.40663549
WISCONSIN,2009,"74,900",5669264,"54,314",0.013211591,1.379018301
WISCONSIN,2010,"73,200",5690538,"54,314",0.012863459,1.34771882
WISCONSIN,2011,"71,200",5705840,"54,314",0.012478443,1.310895902
WISCONSIN,2012,"69,754",5720825,"54,314",0.012192997,1.284272931
WYOMING,1989,"8,900",,"97,105",-1,0.091653365
WYOMING,1990,"8,900",453690,"97,105",0.019616919,0.091653365
WYOMING,1991,"9,000",459260,"97,105",0.019596743,0.092683178
WYOMING,1992,"9,200",466251,"97,105",0.019731861,0.094742804
WYOMING,1993,"9,200",473081,"97,105",0.019446987,0.094742804
WYOMING,1994,"9,200",480283,"97,105",0.019155373,0.094742804
WYOMING,1995,"9,200",485160,"97,105",0.018962816,0.094742804
WYOMING,1996,"9,200",488167,"97,105",0.01884601,0.094742804
WYOMING,1997,"9,443",489451,"97,105",0.019293045,0.09724525
WYOMING,1998,"9,200",490787,"97,105",0.018745403,0.094742804
WYOMING,1999,"9,200",491780,"97,105",0.018707552,0.094742804
WYOMING,2000,"9,200",494300,"97,105",0.018612179,0.094742804
WYOMING,2001,"9,200",494657,"97,105",0.018598746,0.094742804
WYOMING,2002,"9,422",500017,"97,105",0.018843359,0.097028989
WYOMING,2003,"9,200",503453,"97,105",0.018273801,0.094742804
WYOMING,2004,"9,200",509106,"97,105",0.018070893,0.094742804
WYOMING,2005,"9,200",514157,"97,105",0.017893367,0.094742804
WYOMING,2006,"9,100",522667,"97,105",0.017410703,0.093712991
WYOMING,2007,"11,069",534876,"97,105",0.020694516,0.113990011
WYOMING,2008,"11,200",546043,"97,105",0.020511205,0.115339066
WYOMING,2009,"11,400",559851,"97,105",0.020362561,0.117398692
WYOMING,2010,"11,600",564531,"97,105",0.02054803,0.119458318
WYOMING,2011,"11,800",567491,"97,105",0.020793281,0.121517944
WYOMING,2012,"11,736",576656,"97,105",0.020351822,0.120858864
